"lineage","sample","meanAF","meanAF_uniq","minAF_uniq_nonzero","N","lineage N. rules","lineage prop."
"A.1",NA,0,0,NA,0,1,0
"A.17",NA,0,0,NA,0,1,0
"A.19",NA,0,0,NA,0,1,0
"A.2",NA,0,0,NA,0,1,0
"A.2.2",NA,0,0,NA,0,1,0
"A.2.5",NA,0,0,NA,0,1,0
"A.2.5.1",NA,0,0,NA,0,1,0
"A.2.5.2",NA,0,0,NA,0,1,0
"A.2.5.3",NA,0,0,NA,0,1,0
"A.21",NA,0,0,NA,0,1,0
"A.23",NA,0,0,NA,0,1,0
"A.23.1",NA,0,0,NA,0,1,0
"A.27",NA,0,0,NA,0,1,0
"A.28",NA,0,0,NA,0,1,0
"A.29",NA,0,0,NA,0,1,0
"A.3",NA,0,0,NA,0,1,0
"A.4",NA,0,0,NA,0,1,0
"AD.2",NA,0,0,NA,0,1,0
"AE.8",NA,0,0,NA,0,1,0
"AL.1",NA,0,0,NA,0,1,0
"AM.2",NA,0,0,NA,0,1,0
"AV.1",NA,0,0,NA,0,1,0
"AW.1",NA,0,0,NA,0,1,0
"AY.1",NA,0,0,NA,0,1,0
"AY.10",NA,0,0,NA,0,1,0
"AY.100",NA,0,0,NA,0,1,0
"AY.101",NA,0,0,NA,0,1,0
"AY.102",NA,0,0,NA,0,1,0
"AY.103",NA,0,0,NA,0,1,0
"AY.103.1",NA,0,0,NA,0,1,0
"AY.104",NA,0,0,NA,0,1,0
"AY.105",NA,0,0,NA,0,1,0
"AY.106",NA,0,0,NA,0,1,0
"AY.107",NA,0,0,NA,0,1,0
"AY.108",NA,0,0,NA,0,1,0
"AY.109",NA,0,0,NA,0,1,0
"AY.110",NA,0,0,NA,0,1,0
"AY.111",NA,0,0,NA,0,1,0
"AY.112",NA,0,0,NA,0,1,0
"AY.112.2",NA,0,0,NA,0,1,0
"AY.112.3",NA,0,0,NA,0,1,0
"AY.113",NA,0,0,NA,0,1,0
"AY.114",NA,0,0,NA,0,1,0
"AY.116",NA,0,0,NA,0,1,0
"AY.116.1",NA,0,0,NA,0,1,0
"AY.117",NA,0,0,NA,0,1,0
"AY.118",NA,0,0,NA,0,1,0
"AY.119",NA,0,0,NA,0,1,0
"AY.119.1",NA,0,0,NA,0,1,0
"AY.119.2",NA,0,0,NA,0,1,0
"AY.120",NA,0,0,NA,0,1,0
"AY.120.1",NA,0,0,NA,0,1,0
"AY.120.2.1",NA,0,0,NA,0,1,0
"AY.121",NA,0,0,NA,0,1,0
"AY.121.1",NA,0,0,NA,0,1,0
"AY.122",NA,0,0,NA,0,1,0
"AY.122.1",NA,0,0,NA,0,1,0
"AY.122.2",NA,0,0,NA,0,1,0
"AY.122.4",NA,0,0,NA,0,1,0
"AY.122.5",NA,0,0,NA,0,1,0
"AY.122.6",NA,0,0,NA,0,1,0
"AY.123",NA,0,0,NA,0,1,0
"AY.124",NA,0,0,NA,0,1,0
"AY.124.1",NA,0,0,NA,0,1,0
"AY.124.1.1",NA,0,0,NA,0,1,0
"AY.125",NA,0,0,NA,0,1,0
"AY.126",NA,0,0,NA,0,1,0
"AY.127",NA,0,0,NA,0,1,0
"AY.127.1",NA,0,0,NA,0,1,0
"AY.128",NA,0,0,NA,0,1,0
"AY.129",NA,0,0,NA,0,1,0
"AY.13",NA,0,0,NA,0,1,0
"AY.131",NA,0,0,NA,0,1,0
"AY.132",NA,0,0,NA,0,1,0
"AY.133",NA,0,0,NA,0,1,0
"AY.14",NA,0,0,NA,0,1,0
"AY.15",NA,0,0,NA,0,1,0
"AY.16",NA,0,0,NA,0,1,0
"AY.16.1",NA,0,0,NA,0,1,0
"AY.2",NA,0,0,NA,0,1,0
"AY.20",NA,0,0,NA,0,1,0
"AY.23",NA,0,0,NA,0,1,0
"AY.23.1",NA,0,0,NA,0,1,0
"AY.24",NA,0,0,NA,0,1,0
"AY.24.1",NA,0,0,NA,0,1,0
"AY.25",NA,0,0,NA,0,1,0
"AY.25.1",NA,0,0,NA,0,1,0
"AY.25.1.1",NA,0,0,NA,0,1,0
"AY.25.1.2",NA,0,0,NA,0,1,0
"AY.25.2",NA,0,0,NA,0,1,0
"AY.25.3",NA,0,0,NA,0,1,0
"AY.26",NA,0,0,NA,0,1,0
"AY.26.1",NA,0,0,NA,0,1,0
"AY.27",NA,0,0,NA,0,1,0
"AY.28",NA,0,0,NA,0,1,0
"AY.29",NA,0,0,NA,0,1,0
"AY.29.1",NA,0,0,NA,0,1,0
"AY.3",NA,0,0,NA,0,1,0
"AY.3.1",NA,0,0,NA,0,1,0
"AY.3.3",NA,0,0,NA,0,1,0
"AY.30",NA,0,0,NA,0,1,0
"AY.31",NA,0,0,NA,0,1,0
"AY.32",NA,0,0,NA,0,1,0
"AY.33",NA,0,0,NA,0,1,0
"AY.33.2",NA,0,0,NA,0,1,0
"AY.34",NA,0,0,NA,0,1,0
"AY.34.1",NA,0,0,NA,0,1,0
"AY.34.1.1",NA,0,0,NA,0,1,0
"AY.34.2",NA,0,0,NA,0,1,0
"AY.35",NA,0,0,NA,0,1,0
"AY.36",NA,0,0,NA,0,1,0
"AY.36.1",NA,0,0,NA,0,1,0
"AY.37",NA,0,0,NA,0,1,0
"AY.38",NA,0,0,NA,0,1,0
"AY.39",NA,0,0,NA,0,1,0
"AY.39.1",NA,0,0,NA,0,1,0
"AY.39.1.1",NA,0,0,NA,0,1,0
"AY.39.2",NA,0,0,NA,0,1,0
"AY.39.3",NA,0,0,NA,0,1,0
"AY.4",NA,0,0,NA,0,1,0
"AY.4.1",NA,0,0,NA,0,1,0
"AY.4.10",NA,0,0,NA,0,1,0
"AY.4.12",NA,0,0,NA,0,1,0
"AY.4.13",NA,0,0,NA,0,1,0
"AY.4.15",NA,0,0,NA,0,1,0
"AY.4.2",NA,0,0,NA,0,1,0
"AY.4.2.1",NA,0,0,NA,0,1,0
"AY.4.2.2",NA,0,0,NA,0,1,0
"AY.4.2.3",NA,0,0,NA,0,1,0
"AY.4.3",NA,0,0,NA,0,1,0
"AY.4.4",NA,0,0,NA,0,1,0
"AY.4.5",NA,0,0,NA,0,1,0
"AY.4.6",NA,0,0,NA,0,1,0
"AY.4.7",NA,0,0,NA,0,1,0
"AY.4.8",NA,0,0,NA,0,1,0
"AY.4.9",NA,0,0,NA,0,1,0
"AY.41",NA,0,0,NA,0,1,0
"AY.42",NA,0,0,NA,0,1,0
"AY.42.1",NA,0,0,NA,0,1,0
"AY.43",NA,0,0,NA,0,1,0
"AY.43.1",NA,0,0,NA,0,1,0
"AY.43.2",NA,0,0,NA,0,1,0
"AY.43.3",NA,0,0,NA,0,1,0
"AY.43.4",NA,0,0,NA,0,1,0
"AY.43.6",NA,0,0,NA,0,1,0
"AY.43.8",NA,0,0,NA,0,1,0
"AY.43.9",NA,0,0,NA,0,1,0
"AY.44",NA,0,0,NA,0,1,0
"AY.45",NA,0,0,NA,0,1,0
"AY.46",NA,0,0,NA,0,1,0
"AY.46.1",NA,0,0,NA,0,1,0
"AY.46.2",NA,0,0,NA,0,1,0
"AY.46.3",NA,0,0,NA,0,1,0
"AY.46.4",NA,0,0,NA,0,1,0
"AY.46.5",NA,0,0,NA,0,1,0
"AY.46.6",NA,0,0,NA,0,1,0
"AY.47",NA,0,0,NA,0,1,0
"AY.48",NA,0,0,NA,0,1,0
"AY.49",NA,0,0,NA,0,1,0
"AY.5",NA,0,0,NA,0,1,0
"AY.5.1",NA,0,0,NA,0,1,0
"AY.5.2",NA,0,0,NA,0,1,0
"AY.5.3",NA,0,0,NA,0,1,0
"AY.5.4",NA,0,0,NA,0,1,0
"AY.5.5",NA,0,0,NA,0,1,0
"AY.5.6",NA,0,0,NA,0,1,0
"AY.51",NA,0,0,NA,0,1,0
"AY.52",NA,0,0,NA,0,1,0
"AY.53",NA,0,0,NA,0,1,0
"AY.54",NA,0,0,NA,0,1,0
"AY.55",NA,0,0,NA,0,1,0
"AY.56",NA,0,0,NA,0,1,0
"AY.57",NA,0,0,NA,0,1,0
"AY.58",NA,0,0,NA,0,1,0
"AY.59",NA,0,0,NA,0,1,0
"AY.6",NA,0,0,NA,0,1,0
"AY.60",NA,0,0,NA,0,1,0
"AY.61",NA,0,0,NA,0,1,0
"AY.62",NA,0,0,NA,0,1,0
"AY.64",NA,0,0,NA,0,1,0
"AY.65",NA,0,0,NA,0,1,0
"AY.66",NA,0,0,NA,0,1,0
"AY.67",NA,0,0,NA,0,1,0
"AY.68",NA,0,0,NA,0,1,0
"AY.69",NA,0,0,NA,0,1,0
"AY.7",NA,0,0,NA,0,1,0
"AY.7.1",NA,0,0,NA,0,1,0
"AY.7.2",NA,0,0,NA,0,1,0
"AY.70",NA,0,0,NA,0,1,0
"AY.71",NA,0,0,NA,0,1,0
"AY.72",NA,0,0,NA,0,1,0
"AY.73",NA,0,0,NA,0,1,0
"AY.74",NA,0,0,NA,0,1,0
"AY.75",NA,0,0,NA,0,1,0
"AY.75.2",NA,0,0,NA,0,1,0
"AY.76",NA,0,0,NA,0,1,0
"AY.77",NA,0,0,NA,0,1,0
"AY.78",NA,0,0,NA,0,1,0
"AY.79",NA,0,0,NA,0,1,0
"AY.81",NA,0,0,NA,0,1,0
"AY.82",NA,0,0,NA,0,1,0
"AY.83",NA,0,0,NA,0,1,0
"AY.84",NA,0,0,NA,0,1,0
"AY.85",NA,0,0,NA,0,1,0
"AY.86",NA,0,0,NA,0,1,0
"AY.87",NA,0,0,NA,0,1,0
"AY.88",NA,0,0,NA,0,1,0
"AY.9",NA,0,0,NA,0,1,0
"AY.9.2",NA,0,0,NA,0,1,0
"AY.90",NA,0,0,NA,0,1,0
"AY.91",NA,0,0,NA,0,1,0
"AY.92",NA,0,0,NA,0,1,0
"AY.93",NA,0,0,NA,0,1,0
"AY.94",NA,0,0,NA,0,1,0
"AY.95",NA,0,0,NA,0,1,0
"AY.98",NA,0,0,NA,0,1,0
"AY.98.1",NA,0,0,NA,0,1,0
"AY.99",NA,0,0,NA,0,1,0
"AY.99.1",NA,0,0,NA,0,1,0
"AY.99.2",NA,0,0,NA,0,1,0
"AZ.1",NA,0,0,NA,0,1,0
"AZ.2",NA,0,0,NA,0,1,0
"AZ.3",NA,0,0,NA,0,1,0
"AZ.5",NA,0,0,NA,0,1,0
"B",NA,0,0,NA,0,1,0
"B.1",NA,0,0,NA,0,1,0
"B.1.1",NA,0,0,NA,0,1,0
"B.1.1.1",NA,0,0,NA,0,1,0
"B.1.1.10",NA,0,0,NA,0,1,0
"B.1.1.101",NA,0,0,NA,0,1,0
"B.1.1.113",NA,0,0,NA,0,1,0
"B.1.1.116",NA,0,0,NA,0,1,0
"B.1.1.117",NA,0,0,NA,0,1,0
"B.1.1.118",NA,0,0,NA,0,1,0
"B.1.1.121",NA,0,0,NA,0,1,0
"B.1.1.122",NA,0,0,NA,0,1,0
"B.1.1.128",NA,0,0,NA,0,1,0
"B.1.1.13",NA,0,0,NA,0,1,0
"B.1.1.132",NA,0,0,NA,0,1,0
"B.1.1.134",NA,0,0,NA,0,1,0
"B.1.1.135",NA,0,0,NA,0,1,0
"B.1.1.139",NA,0,0,NA,0,1,0
"B.1.1.14",NA,0,0,NA,0,1,0
"B.1.1.141",NA,0,0,NA,0,1,0
"B.1.1.142",NA,0,0,NA,0,1,0
"B.1.1.148",NA,0,0,NA,0,1,0
"B.1.1.153",NA,0,0,NA,0,1,0
"B.1.1.158",NA,0,0,NA,0,1,0
"B.1.1.159",NA,0,0,NA,0,1,0
"B.1.1.161",NA,0,0,NA,0,1,0
"B.1.1.163",NA,0,0,NA,0,1,0
"B.1.1.164",NA,0,0,NA,0,1,0
"B.1.1.168",NA,0,0,NA,0,1,0
"B.1.1.169",NA,0,0,NA,0,1,0
"B.1.1.170",NA,0,0,NA,0,1,0
"B.1.1.172",NA,0,0,NA,0,1,0
"B.1.1.174",NA,0,0,NA,0,1,0
"B.1.1.176",NA,0,0,NA,0,1,0
"B.1.1.177",NA,0,0,NA,0,1,0
"B.1.1.180",NA,0,0,NA,0,1,0
"B.1.1.181",NA,0,0,NA,0,1,0
"B.1.1.186",NA,0,0,NA,0,1,0
"B.1.1.189",NA,0,0,NA,0,1,0
"B.1.1.192",NA,0,0,NA,0,1,0
"B.1.1.194",NA,0,0,NA,0,1,0
"B.1.1.197",NA,0,0,NA,0,1,0
"B.1.1.201",NA,0,0,NA,0,1,0
"B.1.1.203",NA,0,0,NA,0,1,0
"B.1.1.205",NA,0,0,NA,0,1,0
"B.1.1.207",NA,0,0,NA,0,1,0
"B.1.1.208",NA,0,0,NA,0,1,0
"B.1.1.209",NA,0,0,NA,0,1,0
"B.1.1.210",NA,0,0,NA,0,1,0
"B.1.1.214",NA,0,0,NA,0,1,0
"B.1.1.216",NA,0,0,NA,0,1,0
"B.1.1.220",NA,0,0,NA,0,1,0
"B.1.1.222",NA,0,0,NA,0,1,0
"B.1.1.225",NA,0,0,NA,0,1,0
"B.1.1.226",NA,0,0,NA,0,1,0
"B.1.1.228",NA,0,0,NA,0,1,0
"B.1.1.230",NA,0,0,NA,0,1,0
"B.1.1.231",NA,0,0,NA,0,1,0
"B.1.1.239",NA,0,0,NA,0,1,0
"B.1.1.241",NA,0,0,NA,0,1,0
"B.1.1.243",NA,0,0,NA,0,1,0
"B.1.1.244",NA,0,0,NA,0,1,0
"B.1.1.25",NA,0,0,NA,0,1,0
"B.1.1.251",NA,0,0,NA,0,1,0
"B.1.1.254",NA,0,0,NA,0,1,0
"B.1.1.257",NA,0,0,NA,0,1,0
"B.1.1.258",NA,0,0,NA,0,1,0
"B.1.1.26",NA,0,0,NA,0,1,0
"B.1.1.261",NA,0,0,NA,0,1,0
"B.1.1.263",NA,0,0,NA,0,1,0
"B.1.1.265",NA,0,0,NA,0,1,0
"B.1.1.268",NA,0,0,NA,0,1,0
"B.1.1.274",NA,0,0,NA,0,1,0
"B.1.1.275",NA,0,0,NA,0,1,0
"B.1.1.277",NA,0,0,NA,0,1,0
"B.1.1.28",NA,0,0,NA,0,1,0
"B.1.1.282",NA,0,0,NA,0,1,0
"B.1.1.285",NA,0,0,NA,0,1,0
"B.1.1.290",NA,0,0,NA,0,1,0
"B.1.1.291",NA,0,0,NA,0,1,0
"B.1.1.294",NA,0,0,NA,0,1,0
"B.1.1.297",NA,0,0,NA,0,1,0
"B.1.1.301",NA,0,0,NA,0,1,0
"B.1.1.304",NA,0,0,NA,0,1,0
"B.1.1.305",NA,0,0,NA,0,1,0
"B.1.1.306",NA,0,0,NA,0,1,0
"B.1.1.312",NA,0,0,NA,0,1,0
"B.1.1.315",NA,0,0,NA,0,1,0
"B.1.1.316",NA,0,0,NA,0,1,0
"B.1.1.317",NA,0,0,NA,0,1,0
"B.1.1.318",NA,0,0,NA,0,1,0
"B.1.1.320",NA,0,0,NA,0,1,0
"B.1.1.322",NA,0,0,NA,0,1,0
"B.1.1.325",NA,0,0,NA,0,1,0
"B.1.1.326",NA,0,0,NA,0,1,0
"B.1.1.328",NA,0,0,NA,0,1,0
"B.1.1.329",NA,0,0,NA,0,1,0
"B.1.1.33",NA,0,0,NA,0,1,0
"B.1.1.334",NA,0,0,NA,0,1,0
"B.1.1.335",NA,0,0,NA,0,1,0
"B.1.1.337",NA,0,0,NA,0,1,0
"B.1.1.34",NA,0,0,NA,0,1,0
"B.1.1.342",NA,0,0,NA,0,1,0
"B.1.1.344",NA,0,0,NA,0,1,0
"B.1.1.345",NA,0,0,NA,0,1,0
"B.1.1.347",NA,0,0,NA,0,1,0
"B.1.1.348",NA,0,0,NA,0,1,0
"B.1.1.350",NA,0,0,NA,0,1,0
"B.1.1.351",NA,0,0,NA,0,1,0
"B.1.1.352",NA,0,0,NA,0,1,0
"B.1.1.354",NA,0,0,NA,0,1,0
"B.1.1.356",NA,0,0,NA,0,1,0
"B.1.1.357",NA,0,0,NA,0,1,0
"B.1.1.358",NA,0,0,NA,0,1,0
"B.1.1.359",NA,0,0,NA,0,1,0
"B.1.1.362",NA,0,0,NA,0,1,0
"B.1.1.367",NA,0,0,NA,0,1,0
"B.1.1.368",NA,0,0,NA,0,1,0
"B.1.1.369",NA,0,0,NA,0,1,0
"B.1.1.370",NA,0,0,NA,0,1,0
"B.1.1.372",NA,0,0,NA,0,1,0
"B.1.1.374",NA,0,0,NA,0,1,0
"B.1.1.376",NA,0,0,NA,0,1,0
"B.1.1.378",NA,0,0,NA,0,1,0
"B.1.1.380",NA,0,0,NA,0,1,0
"B.1.1.381",NA,0,0,NA,0,1,0
"B.1.1.385",NA,0,0,NA,0,1,0
"B.1.1.388",NA,0,0,NA,0,1,0
"B.1.1.389",NA,0,0,NA,0,1,0
"B.1.1.39",NA,0,0,NA,0,1,0
"B.1.1.391",NA,0,0,NA,0,1,0
"B.1.1.392",NA,0,0,NA,0,1,0
"B.1.1.393",NA,0,0,NA,0,1,0
"B.1.1.396",NA,0,0,NA,0,1,0
"B.1.1.397",NA,0,0,NA,0,1,0
"B.1.1.398",NA,0,0,NA,0,1,0
"B.1.1.402",NA,0,0,NA,0,1,0
"B.1.1.403",NA,0,0,NA,0,1,0
"B.1.1.404",NA,0,0,NA,0,1,0
"B.1.1.407",NA,0,0,NA,0,1,0
"B.1.1.409",NA,0,0,NA,0,1,0
"B.1.1.411",NA,0,0,NA,0,1,0
"B.1.1.413",NA,0,0,NA,0,1,0
"B.1.1.416",NA,0,0,NA,0,1,0
"B.1.1.418",NA,0,0,NA,0,1,0
"B.1.1.420",NA,0,0,NA,0,1,0
"B.1.1.423",NA,0,0,NA,0,1,0
"B.1.1.426",NA,0,0,NA,0,1,0
"B.1.1.43",NA,0,0,NA,0,1,0
"B.1.1.432",NA,0,0,NA,0,1,0
"B.1.1.434",NA,0,0,NA,0,1,0
"B.1.1.437",NA,0,0,NA,0,1,0
"B.1.1.440",NA,0,0,NA,0,1,0
"B.1.1.441",NA,0,0,NA,0,1,0
"B.1.1.447",NA,0,0,NA,0,1,0
"B.1.1.45",NA,0,0,NA,0,1,0
"B.1.1.450",NA,0,0,NA,0,1,0
"B.1.1.453",NA,0,0,NA,0,1,0
"B.1.1.46",NA,0,0,NA,0,1,0
"B.1.1.461",NA,0,0,NA,0,1,0
"B.1.1.462",NA,0,0,NA,0,1,0
"B.1.1.463",NA,0,0,NA,0,1,0
"B.1.1.464",NA,0,0,NA,0,1,0
"B.1.1.467",NA,0,0,NA,0,1,0
"B.1.1.480",NA,0,0,NA,0,1,0
"B.1.1.482",NA,0,0,NA,0,1,0
"B.1.1.485",NA,0,0,NA,0,1,0
"B.1.1.486",NA,0,0,NA,0,1,0
"B.1.1.487",NA,0,0,NA,0,1,0
"B.1.1.5",NA,0,0,NA,0,1,0
"B.1.1.50",NA,0,0,NA,0,1,0
"B.1.1.512",NA,0,0,NA,0,1,0
"B.1.1.513",NA,0,0,NA,0,1,0
"B.1.1.514",NA,0,0,NA,0,1,0
"B.1.1.515",NA,0,0,NA,0,1,0
"B.1.1.516",NA,0,0,NA,0,1,0
"B.1.1.517",NA,0,0,NA,0,1,0
"B.1.1.518",NA,0,0,NA,0,1,0
"B.1.1.519",NA,0,0,NA,0,1,0
"B.1.1.52",NA,0,0,NA,0,1,0
"B.1.1.523",NA,0,0,NA,0,1,0
"B.1.1.524",NA,0,0,NA,0,1,0
"B.1.1.525",NA,0,0,NA,0,1,0
"B.1.1.526",NA,0,0,NA,0,1,0
"B.1.1.529",NA,0,0,NA,0,1,0
"B.1.1.53",NA,0,0,NA,0,1,0
"B.1.1.54",NA,0,0,NA,0,1,0
"B.1.1.57",NA,0,0,NA,0,1,0
"B.1.1.58",NA,0,0,NA,0,1,0
"B.1.1.59",NA,0,0,NA,0,1,0
"B.1.1.61",NA,0,0,NA,0,1,0
"B.1.1.63",NA,0,0,NA,0,1,0
"B.1.1.67",NA,0,0,NA,0,1,0
"B.1.1.7",NA,0,0,NA,0,1,0
"B.1.1.7+S_E484K","Mixture31",0.0217391304347826,0.0217391304347826,0.5,0,23,0
"B.1.1.70",NA,0,0,NA,0,1,0
"B.1.1.71",NA,0,0,NA,0,1,0
"B.1.1.72",NA,0,0,NA,0,1,0
"B.1.1.75",NA,0,0,NA,0,1,0
"B.1.1.77",NA,0,0,NA,0,1,0
"B.1.1.8",NA,0,0,NA,0,1,0
"B.1.1.83",NA,0,0,NA,0,1,0
"B.1.1.89",NA,0,0,NA,0,1,0
"B.1.1.93",NA,0,0,NA,0,1,0
"B.1.1.98",NA,0,0,NA,0,1,0
"B.1.1.99",NA,0,0,NA,0,1,0
"B.1.103",NA,0,0,NA,0,1,0
"B.1.104",NA,0,0,NA,0,1,0
"B.1.105",NA,0,0,NA,0,1,0
"B.1.106",NA,0,0,NA,0,1,0
"B.1.108",NA,0,0,NA,0,1,0
"B.1.110",NA,0,0,NA,0,1,0
"B.1.110.1",NA,0,0,NA,0,1,0
"B.1.110.3",NA,0,0,NA,0,1,0
"B.1.111",NA,0,0,NA,0,1,0
"B.1.112",NA,0,0,NA,0,1,0
"B.1.115",NA,0,0,NA,0,1,0
"B.1.116",NA,0,0,NA,0,1,0
"B.1.117",NA,0,0,NA,0,1,0
"B.1.119",NA,0,0,NA,0,1,0
"B.1.12",NA,0,0,NA,0,1,0
"B.1.124",NA,0,0,NA,0,1,0
"B.1.126",NA,0,0,NA,0,1,0
"B.1.128",NA,0,0,NA,0,1,0
"B.1.13",NA,0,0,NA,0,1,0
"B.1.134",NA,0,0,NA,0,1,0
"B.1.137",NA,0,0,NA,0,1,0
"B.1.139",NA,0,0,NA,0,1,0
"B.1.14",NA,0,0,NA,0,1,0
"B.1.143",NA,0,0,NA,0,1,0
"B.1.147",NA,0,0,NA,0,1,0
"B.1.151",NA,0,0,NA,0,1,0
"B.1.153",NA,0,0,NA,0,1,0
"B.1.157",NA,0,0,NA,0,1,0
"B.1.160",NA,0,0,NA,0,1,0
"B.1.160.14",NA,0,0,NA,0,1,0
"B.1.160.23",NA,0,0,NA,0,1,0
"B.1.160.30",NA,0,0,NA,0,1,0
"B.1.161",NA,0,0,NA,0,1,0
"B.1.162",NA,0,0,NA,0,1,0
"B.1.163",NA,0,0,NA,0,1,0
"B.1.164",NA,0,0,NA,0,1,0
"B.1.165",NA,0,0,NA,0,1,0
"B.1.166",NA,0,0,NA,0,1,0
"B.1.167",NA,0,0,NA,0,1,0
"B.1.169",NA,0,0,NA,0,1,0
"B.1.170",NA,0,0,NA,0,1,0
"B.1.177",NA,0,0,NA,0,1,0
"B.1.177.18",NA,0,0,NA,0,1,0
"B.1.177.46",NA,0,0,NA,0,1,0
"B.1.177.50",NA,0,0,NA,0,1,0
"B.1.177.53",NA,0,0,NA,0,1,0
"B.1.177.54",NA,0,0,NA,0,1,0
"B.1.177.60",NA,0,0,NA,0,1,0
"B.1.177.7",NA,0,0,NA,0,1,0
"B.1.177.82",NA,0,0,NA,0,1,0
"B.1.177.86",NA,0,0,NA,0,1,0
"B.1.179",NA,0,0,NA,0,1,0
"B.1.181",NA,0,0,NA,0,1,0
"B.1.182",NA,0,0,NA,0,1,0
"B.1.188",NA,0,0,NA,0,1,0
"B.1.189",NA,0,0,NA,0,1,0
"B.1.192",NA,0,0,NA,0,1,0
"B.1.194",NA,0,0,NA,0,1,0
"B.1.195",NA,0,0,NA,0,1,0
"B.1.199",NA,0,0,NA,0,1,0
"B.1.2",NA,0,0,NA,0,1,0
"B.1.201",NA,0,0,NA,0,1,0
"B.1.203",NA,0,0,NA,0,1,0
"B.1.206",NA,0,0,NA,0,1,0
"B.1.210",NA,0,0,NA,0,1,0
"B.1.212",NA,0,0,NA,0,1,0
"B.1.214.2",NA,0,0,NA,0,1,0
"B.1.214.3",NA,0,0,NA,0,1,0
"B.1.215",NA,0,0,NA,0,1,0
"B.1.22",NA,0,0,NA,0,1,0
"B.1.221",NA,0,0,NA,0,1,0
"B.1.222",NA,0,0,NA,0,1,0
"B.1.229",NA,0,0,NA,0,1,0
"B.1.232",NA,0,0,NA,0,1,0
"B.1.233",NA,0,0,NA,0,1,0
"B.1.234",NA,0,0,NA,0,1,0
"B.1.236",NA,0,0,NA,0,1,0
"B.1.238",NA,0,0,NA,0,1,0
"B.1.239",NA,0,0,NA,0,1,0
"B.1.240",NA,0,0,NA,0,1,0
"B.1.241",NA,0,0,NA,0,1,0
"B.1.243",NA,0,0,NA,0,1,0
"B.1.243.1",NA,0,0,NA,0,1,0
"B.1.243.2",NA,0,0,NA,0,1,0
"B.1.245",NA,0,0,NA,0,1,0
"B.1.258",NA,0,0,NA,0,1,0
"B.1.258.17",NA,0,0,NA,0,1,0
"B.1.258.23",NA,0,0,NA,0,1,0
"B.1.258.3",NA,0,0,NA,0,1,0
"B.1.258.5",NA,0,0,NA,0,1,0
"B.1.263",NA,0,0,NA,0,1,0
"B.1.264",NA,0,0,NA,0,1,0
"B.1.265",NA,0,0,NA,0,1,0
"B.1.267",NA,0,0,NA,0,1,0
"B.1.268",NA,0,0,NA,0,1,0
"B.1.270",NA,0,0,NA,0,1,0
"B.1.274",NA,0,0,NA,0,1,0
"B.1.276",NA,0,0,NA,0,1,0
"B.1.279",NA,0,0,NA,0,1,0
"B.1.280",NA,0,0,NA,0,1,0
"B.1.284",NA,0,0,NA,0,1,0
"B.1.285",NA,0,0,NA,0,1,0
"B.1.287",NA,0,0,NA,0,1,0
"B.1.289",NA,0,0,NA,0,1,0
"B.1.291",NA,0,0,NA,0,1,0
"B.1.292",NA,0,0,NA,0,1,0
"B.1.293",NA,0,0,NA,0,1,0
"B.1.294",NA,0,0,NA,0,1,0
"B.1.298",NA,0,0,NA,0,1,0
"B.1.3",NA,0,0,NA,0,1,0
"B.1.301",NA,0,0,NA,0,1,0
"B.1.302",NA,0,0,NA,0,1,0
"B.1.304",NA,0,0,NA,0,1,0
"B.1.305",NA,0,0,NA,0,1,0
"B.1.306",NA,0,0,NA,0,1,0
"B.1.308",NA,0,0,NA,0,1,0
"B.1.309",NA,0,0,NA,0,1,0
"B.1.311",NA,0,0,NA,0,1,0
"B.1.313",NA,0,0,NA,0,1,0
"B.1.314",NA,0,0,NA,0,1,0
"B.1.315",NA,0,0,NA,0,1,0
"B.1.318",NA,0,0,NA,0,1,0
"B.1.319",NA,0,0,NA,0,1,0
"B.1.320",NA,0,0,NA,0,1,0
"B.1.321",NA,0,0,NA,0,1,0
"B.1.323",NA,0,0,NA,0,1,0
"B.1.324",NA,0,0,NA,0,1,0
"B.1.325",NA,0,0,NA,0,1,0
"B.1.326",NA,0,0,NA,0,1,0
"B.1.328",NA,0,0,NA,0,1,0
"B.1.330",NA,0,0,NA,0,1,0
"B.1.332",NA,0,0,NA,0,1,0
"B.1.333",NA,0,0,NA,0,1,0
"B.1.334",NA,0,0,NA,0,1,0
"B.1.335",NA,0,0,NA,0,1,0
"B.1.336",NA,0,0,NA,0,1,0
"B.1.337",NA,0,0,NA,0,1,0
"B.1.338",NA,0,0,NA,0,1,0
"B.1.340",NA,0,0,NA,0,1,0
"B.1.341",NA,0,0,NA,0,1,0
"B.1.343",NA,0,0,NA,0,1,0
"B.1.344",NA,0,0,NA,0,1,0
"B.1.346",NA,0,0,NA,0,1,0
"B.1.348",NA,0,0,NA,0,1,0
"B.1.349",NA,0,0,NA,0,1,0
"B.1.350",NA,0,0,NA,0,1,0
"B.1.351",NA,0,0,NA,0,1,0
"B.1.351.2",NA,0,0,NA,0,1,0
"B.1.351.3",NA,0,0,NA,0,1,0
"B.1.354",NA,0,0,NA,0,1,0
"B.1.355",NA,0,0,NA,0,1,0
"B.1.356",NA,0,0,NA,0,1,0
"B.1.357",NA,0,0,NA,0,1,0
"B.1.358",NA,0,0,NA,0,1,0
"B.1.359",NA,0,0,NA,0,1,0
"B.1.36",NA,0,0,NA,0,1,0
"B.1.36.1",NA,0,0,NA,0,1,0
"B.1.36.10",NA,0,0,NA,0,1,0
"B.1.36.16",NA,0,0,NA,0,1,0
"B.1.36.17",NA,0,0,NA,0,1,0
"B.1.36.18",NA,0,0,NA,0,1,0
"B.1.36.19",NA,0,0,NA,0,1,0
"B.1.36.24",NA,0,0,NA,0,1,0
"B.1.36.26",NA,0,0,NA,0,1,0
"B.1.36.29",NA,0,0,NA,0,1,0
"B.1.36.31",NA,0,0,NA,0,1,0
"B.1.36.34",NA,0,0,NA,0,1,0
"B.1.36.35",NA,0,0,NA,0,1,0
"B.1.36.36",NA,0,0,NA,0,1,0
"B.1.36.37",NA,0,0,NA,0,1,0
"B.1.36.38",NA,0,0,NA,0,1,0
"B.1.36.7",NA,0,0,NA,0,1,0
"B.1.36.8",NA,0,0,NA,0,1,0
"B.1.360",NA,0,0,NA,0,1,0
"B.1.361",NA,0,0,NA,0,1,0
"B.1.362",NA,0,0,NA,0,1,0
"B.1.363",NA,0,0,NA,0,1,0
"B.1.366",NA,0,0,NA,0,1,0
"B.1.369",NA,0,0,NA,0,1,0
"B.1.37",NA,0,0,NA,0,1,0
"B.1.370",NA,0,0,NA,0,1,0
"B.1.371",NA,0,0,NA,0,1,0
"B.1.375",NA,0,0,NA,0,1,0
"B.1.377",NA,0,0,NA,0,1,0
"B.1.378",NA,0,0,NA,0,1,0
"B.1.38",NA,0,0,NA,0,1,0
"B.1.381",NA,0,0,NA,0,1,0
"B.1.382",NA,0,0,NA,0,1,0
"B.1.383",NA,0,0,NA,0,1,0
"B.1.384",NA,0,0,NA,0,1,0
"B.1.385",NA,0,0,NA,0,1,0
"B.1.39",NA,0,0,NA,0,1,0
"B.1.390",NA,0,0,NA,0,1,0
"B.1.391",NA,0,0,NA,0,1,0
"B.1.395",NA,0,0,NA,0,1,0
"B.1.396",NA,0,0,NA,0,1,0
"B.1.397",NA,0,0,NA,0,1,0
"B.1.398",NA,0,0,NA,0,1,0
"B.1.399",NA,0,0,NA,0,1,0
"B.1.400",NA,0,0,NA,0,1,0
"B.1.400.1",NA,0,0,NA,0,1,0
"B.1.401",NA,0,0,NA,0,1,0
"B.1.402",NA,0,0,NA,0,1,0
"B.1.403",NA,0,0,NA,0,1,0
"B.1.404",NA,0,0,NA,0,1,0
"B.1.405",NA,0,0,NA,0,1,0
"B.1.408",NA,0,0,NA,0,1,0
"B.1.409",NA,0,0,NA,0,1,0
"B.1.413",NA,0,0,NA,0,1,0
"B.1.415",NA,0,0,NA,0,1,0
"B.1.415.1",NA,0,0,NA,0,1,0
"B.1.416",NA,0,0,NA,0,1,0
"B.1.420",NA,0,0,NA,0,1,0
"B.1.421",NA,0,0,NA,0,1,0
"B.1.422",NA,0,0,NA,0,1,0
"B.1.423",NA,0,0,NA,0,1,0
"B.1.424",NA,0,0,NA,0,1,0
"B.1.425",NA,0,0,NA,0,1,0
"B.1.426",NA,0,0,NA,0,1,0
"B.1.427",NA,0,0,NA,0,1,0
"B.1.428",NA,0,0,NA,0,1,0
"B.1.428.1",NA,0,0,NA,0,1,0
"B.1.429",NA,0,0,NA,0,1,0
"B.1.429.1",NA,0,0,NA,0,1,0
"B.1.432",NA,0,0,NA,0,1,0
"B.1.433",NA,0,0,NA,0,1,0
"B.1.434",NA,0,0,NA,0,1,0
"B.1.435",NA,0,0,NA,0,1,0
"B.1.436",NA,0,0,NA,0,1,0
"B.1.437",NA,0,0,NA,0,1,0
"B.1.438.1",NA,0,0,NA,0,1,0
"B.1.438.3",NA,0,0,NA,0,1,0
"B.1.438.4",NA,0,0,NA,0,1,0
"B.1.439",NA,0,0,NA,0,1,0
"B.1.44",NA,0,0,NA,0,1,0
"B.1.441",NA,0,0,NA,0,1,0
"B.1.442",NA,0,0,NA,0,1,0
"B.1.443",NA,0,0,NA,0,1,0
"B.1.444",NA,0,0,NA,0,1,0
"B.1.445",NA,0,0,NA,0,1,0
"B.1.446",NA,0,0,NA,0,1,0
"B.1.448",NA,0,0,NA,0,1,0
"B.1.450",NA,0,0,NA,0,1,0
"B.1.451",NA,0,0,NA,0,1,0
"B.1.452",NA,0,0,NA,0,1,0
"B.1.453",NA,0,0,NA,0,1,0
"B.1.456",NA,0,0,NA,0,1,0
"B.1.462",NA,0,0,NA,0,1,0
"B.1.466.1",NA,0,0,NA,0,1,0
"B.1.466.2",NA,0,0,NA,0,1,0
"B.1.471",NA,0,0,NA,0,1,0
"B.1.473",NA,0,0,NA,0,1,0
"B.1.478",NA,0,0,NA,0,1,0
"B.1.479",NA,0,0,NA,0,1,0
"B.1.480",NA,0,0,NA,0,1,0
"B.1.483",NA,0,0,NA,0,1,0
"B.1.485",NA,0,0,NA,0,1,0
"B.1.486",NA,0,0,NA,0,1,0
"B.1.487",NA,0,0,NA,0,1,0
"B.1.489",NA,0,0,NA,0,1,0
"B.1.492",NA,0,0,NA,0,1,0
"B.1.493",NA,0,0,NA,0,1,0
"B.1.494",NA,0,0,NA,0,1,0
"B.1.495",NA,0,0,NA,0,1,0
"B.1.496",NA,0,0,NA,0,1,0
"B.1.497",NA,0,0,NA,0,1,0
"B.1.498",NA,0,0,NA,0,1,0
"B.1.499",NA,0,0,NA,0,1,0
"B.1.499.1",NA,0,0,NA,0,1,0
"B.1.500",NA,0,0,NA,0,1,0
"B.1.501",NA,0,0,NA,0,1,0
"B.1.502",NA,0,0,NA,0,1,0
"B.1.503",NA,0,0,NA,0,1,0
"B.1.506",NA,0,0,NA,0,1,0
"B.1.507",NA,0,0,NA,0,1,0
"B.1.508",NA,0,0,NA,0,1,0
"B.1.509",NA,0,0,NA,0,1,0
"B.1.511",NA,0,0,NA,0,1,0
"B.1.513",NA,0,0,NA,0,1,0
"B.1.515",NA,0,0,NA,0,1,0
"B.1.516",NA,0,0,NA,0,1,0
"B.1.517",NA,0,0,NA,0,1,0
"B.1.517.1",NA,0,0,NA,0,1,0
"B.1.518",NA,0,0,NA,0,1,0
"B.1.520",NA,0,0,NA,0,1,0
"B.1.521",NA,0,0,NA,0,1,0
"B.1.523",NA,0,0,NA,0,1,0
"B.1.525",NA,0,0,NA,0,1,0
"B.1.526",NA,0,0,NA,0,1,0
"B.1.527",NA,0,0,NA,0,1,0
"B.1.530",NA,0,0,NA,0,1,0
"B.1.533",NA,0,0,NA,0,1,0
"B.1.539",NA,0,0,NA,0,1,0
"B.1.541",NA,0,0,NA,0,1,0
"B.1.543",NA,0,0,NA,0,1,0
"B.1.544",NA,0,0,NA,0,1,0
"B.1.545",NA,0,0,NA,0,1,0
"B.1.546",NA,0,0,NA,0,1,0
"B.1.547",NA,0,0,NA,0,1,0
"B.1.548",NA,0,0,NA,0,1,0
"B.1.549",NA,0,0,NA,0,1,0
"B.1.550",NA,0,0,NA,0,1,0
"B.1.551",NA,0,0,NA,0,1,0
"B.1.552",NA,0,0,NA,0,1,0
"B.1.554",NA,0,0,NA,0,1,0
"B.1.555",NA,0,0,NA,0,1,0
"B.1.556",NA,0,0,NA,0,1,0
"B.1.558",NA,0,0,NA,0,1,0
"B.1.560",NA,0,0,NA,0,1,0
"B.1.561",NA,0,0,NA,0,1,0
"B.1.563",NA,0,0,NA,0,1,0
"B.1.564",NA,0,0,NA,0,1,0
"B.1.564.1",NA,0,0,NA,0,1,0
"B.1.565",NA,0,0,NA,0,1,0
"B.1.566",NA,0,0,NA,0,1,0
"B.1.567",NA,0,0,NA,0,1,0
"B.1.568",NA,0,0,NA,0,1,0
"B.1.569",NA,0,0,NA,0,1,0
"B.1.570",NA,0,0,NA,0,1,0
"B.1.571",NA,0,0,NA,0,1,0
"B.1.572",NA,0,0,NA,0,1,0
"B.1.574",NA,0,0,NA,0,1,0
"B.1.575",NA,0,0,NA,0,1,0
"B.1.575.1",NA,0,0,NA,0,1,0
"B.1.576",NA,0,0,NA,0,1,0
"B.1.577",NA,0,0,NA,0,1,0
"B.1.578",NA,0,0,NA,0,1,0
"B.1.579",NA,0,0,NA,0,1,0
"B.1.580",NA,0,0,NA,0,1,0
"B.1.581",NA,0,0,NA,0,1,0
"B.1.582",NA,0,0,NA,0,1,0
"B.1.585",NA,0,0,NA,0,1,0
"B.1.586",NA,0,0,NA,0,1,0
"B.1.587",NA,0,0,NA,0,1,0
"B.1.588",NA,0,0,NA,0,1,0
"B.1.588.1",NA,0,0,NA,0,1,0
"B.1.589",NA,0,0,NA,0,1,0
"B.1.590",NA,0,0,NA,0,1,0
"B.1.591",NA,0,0,NA,0,1,0
"B.1.593",NA,0,0,NA,0,1,0
"B.1.594",NA,0,0,NA,0,1,0
"B.1.595",NA,0,0,NA,0,1,0
"B.1.595.1",NA,0,0,NA,0,1,0
"B.1.595.2",NA,0,0,NA,0,1,0
"B.1.595.3",NA,0,0,NA,0,1,0
"B.1.595.4",NA,0,0,NA,0,1,0
"B.1.596",NA,0,0,NA,0,1,0
"B.1.597",NA,0,0,NA,0,1,0
"B.1.598",NA,0,0,NA,0,1,0
"B.1.599",NA,0,0,NA,0,1,0
"B.1.601",NA,0,0,NA,0,1,0
"B.1.602",NA,0,0,NA,0,1,0
"B.1.603",NA,0,0,NA,0,1,0
"B.1.604",NA,0,0,NA,0,1,0
"B.1.605",NA,0,0,NA,0,1,0
"B.1.606",NA,0,0,NA,0,1,0
"B.1.607",NA,0,0,NA,0,1,0
"B.1.609",NA,0,0,NA,0,1,0
"B.1.612",NA,0,0,NA,0,1,0
"B.1.617",NA,0,0,NA,0,1,0
"B.1.617.1",NA,0,0,NA,0,1,0
"B.1.617.2",NA,0,0,NA,0,1,0
"B.1.617.3",NA,0,0,NA,0,1,0
"B.1.619",NA,0,0,NA,0,1,0
"B.1.619.1",NA,0,0,NA,0,1,0
"B.1.620",NA,0,0,NA,0,1,0
"B.1.621",NA,0,0,NA,0,1,0
"B.1.621.1",NA,0,0,NA,0,1,0
"B.1.621.2",NA,0,0,NA,0,1,0
"B.1.623",NA,0,0,NA,0,1,0
"B.1.625",NA,0,0,NA,0,1,0
"B.1.626",NA,0,0,NA,0,1,0
"B.1.627",NA,0,0,NA,0,1,0
"B.1.630",NA,0,0,NA,0,1,0
"B.1.631",NA,0,0,NA,0,1,0
"B.1.632",NA,0,0,NA,0,1,0
"B.1.633",NA,0,0,NA,0,1,0
"B.1.634",NA,0,0,NA,0,1,0
"B.1.635",NA,0,0,NA,0,1,0
"B.1.636",NA,0,0,NA,0,1,0
"B.1.637",NA,0,0,NA,0,1,0
"B.1.637.1",NA,0,0,NA,0,1,0
"B.1.639",NA,0,0,NA,0,1,0
"B.1.640.1",NA,0,0,NA,0,1,0
"B.1.640.2",NA,0,0,NA,0,1,0
"B.1.76",NA,0,0,NA,0,1,0
"B.1.78",NA,0,0,NA,0,1,0
"B.1.8",NA,0,0,NA,0,1,0
"B.1.83",NA,0,0,NA,0,1,0
"B.1.9",NA,0,0,NA,0,1,0
"B.1.9.2",NA,0,0,NA,0,1,0
"B.1.91",NA,0,0,NA,0,1,0
"B.1.93",NA,0,0,NA,0,1,0
"B.1.94",NA,0,0,NA,0,1,0
"B.11",NA,0,0,NA,0,1,0
"B.12",NA,0,0,NA,0,1,0
"B.13",NA,0,0,NA,0,1,0
"B.19",NA,0,0,NA,0,1,0
"B.20",NA,0,0,NA,0,1,0
"B.23",NA,0,0,NA,0,1,0
"B.26",NA,0,0,NA,0,1,0
"B.27",NA,0,0,NA,0,1,0
"B.28",NA,0,0,NA,0,1,0
"B.29",NA,0,0,NA,0,1,0
"B.3",NA,0,0,NA,0,1,0
"B.3.1",NA,0,0,NA,0,1,0
"B.30",NA,0,0,NA,0,1,0
"B.31",NA,0,0,NA,0,1,0
"B.33",NA,0,0,NA,0,1,0
"B.35",NA,0,0,NA,0,1,0
"B.37",NA,0,0,NA,0,1,0
"B.39",NA,0,0,NA,0,1,0
"B.4",NA,0,0,NA,0,1,0
"B.4.4",NA,0,0,NA,0,1,0
"B.4.7",NA,0,0,NA,0,1,0
"B.40",NA,0,0,NA,0,1,0
"B.41",NA,0,0,NA,0,1,0
"B.45",NA,0,0,NA,0,1,0
"B.46",NA,0,0,NA,0,1,0
"B.47",NA,0,0,NA,0,1,0
"B.5",NA,0,0,NA,0,1,0
"B.50",NA,0,0,NA,0,1,0
"B.51",NA,0,0,NA,0,1,0
"B.55",NA,0,0,NA,0,1,0
"B.57",NA,0,0,NA,0,1,0
"B.58",NA,0,0,NA,0,1,0
"B.59",NA,0,0,NA,0,1,0
"B.6",NA,0,0,NA,0,1,0
"B.6.3",NA,0,0,NA,0,1,0
"BA.1",NA,0,0,NA,0,1,0
"BA.1.1",NA,0,0,NA,0,1,0
"BA.1.1.1",NA,0,0,NA,0,1,0
"BA.1.1.10",NA,0,0,NA,0,1,0
"BA.1.1.11",NA,0,0,NA,0,1,0
"BA.1.1.12",NA,0,0,NA,0,1,0
"BA.1.1.13",NA,0,0,NA,0,1,0
"BA.1.1.14",NA,0,0,NA,0,1,0
"BA.1.1.15",NA,0,0,NA,0,1,0
"BA.1.1.16",NA,0,0,NA,0,1,0
"BA.1.1.17",NA,0,0,NA,0,1,0
"BA.1.1.18",NA,0,0,NA,0,1,0
"BA.1.1.2",NA,0,0,NA,0,1,0
"BA.1.1.3",NA,0,0,NA,0,1,0
"BA.1.1.4",NA,0,0,NA,0,1,0
"BA.1.1.5",NA,0,0,NA,0,1,0
"BA.1.1.6",NA,0,0,NA,0,1,0
"BA.1.1.7",NA,0,0,NA,0,1,0
"BA.1.1.8",NA,0,0,NA,0,1,0
"BA.1.1.9",NA,0,0,NA,0,1,0
"BA.1.10",NA,0,0,NA,0,1,0
"BA.1.12",NA,0,0,NA,0,1,0
"BA.1.13",NA,0,0,NA,0,1,0
"BA.1.13.1",NA,0,0,NA,0,1,0
"BA.1.14",NA,0,0,NA,0,1,0
"BA.1.14.1",NA,0,0,NA,0,1,0
"BA.1.14.2",NA,0,0,NA,0,1,0
"BA.1.15",NA,0,0,NA,0,1,0
"BA.1.15.1",NA,0,0,NA,0,1,0
"BA.1.15.2",NA,0,0,NA,0,1,0
"BA.1.15.3",NA,0,0,NA,0,1,0
"BA.1.16",NA,0,0,NA,0,1,0
"BA.1.16.2",NA,0,0,NA,0,1,0
"BA.1.17",NA,0,0,NA,0,1,0
"BA.1.17.1",NA,0,0,NA,0,1,0
"BA.1.17.2",NA,0,0,NA,0,1,0
"BA.1.18",NA,0,0,NA,0,1,0
"BA.1.19",NA,0,0,NA,0,1,0
"BA.1.20",NA,0,0,NA,0,1,0
"BA.1.21",NA,0,0,NA,0,1,0
"BA.1.21.1",NA,0,0,NA,0,1,0
"BA.1.22",NA,0,0,NA,0,1,0
"BA.1.23",NA,0,0,NA,0,1,0
"BA.1.24",NA,0,0,NA,0,1,0
"BA.1.3",NA,0,0,NA,0,1,0
"BA.1.4",NA,0,0,NA,0,1,0
"BA.1.5",NA,0,0,NA,0,1,0
"BA.1.6",NA,0,0,NA,0,1,0
"BA.1.7",NA,0,0,NA,0,1,0
"BA.1.8",NA,0,0,NA,0,1,0
"BA.1.9",NA,0,0,NA,0,1,0
"BA.2",NA,0,0,NA,0,1,0
"BA.2.1",NA,0,0,NA,0,1,0
"BA.2.10",NA,0,0,NA,0,1,0
"BA.2.10.1",NA,0,0,NA,0,1,0
"BA.2.10.2",NA,0,0,NA,0,1,0
"BA.2.10.3",NA,0,0,NA,0,1,0
"BA.2.10.4",NA,0,0,NA,0,1,0
"BA.2.11",NA,0,0,NA,0,1,0
"BA.2.12",NA,0,0,NA,0,1,0
"BA.2.12.1",NA,0,0,NA,0,1,0
"BA.2.12.2",NA,0,0,NA,0,1,0
"BA.2.13",NA,0,0,NA,0,1,0
"BA.2.13.1",NA,0,0,NA,0,1,0
"BA.2.14",NA,0,0,NA,0,1,0
"BA.2.15",NA,0,0,NA,0,1,0
"BA.2.16",NA,0,0,NA,0,1,0
"BA.2.17",NA,0,0,NA,0,1,0
"BA.2.18",NA,0,0,NA,0,1,0
"BA.2.19",NA,0,0,NA,0,1,0
"BA.2.2",NA,0,0,NA,0,1,0
"BA.2.2.1",NA,0,0,NA,0,1,0
"BA.2.20",NA,0,0,NA,0,1,0
"BA.2.21",NA,0,0,NA,0,1,0
"BA.2.22",NA,0,0,NA,0,1,0
"BA.2.23",NA,0,0,NA,0,1,0
"BA.2.23.1",NA,0,0,NA,0,1,0
"BA.2.24",NA,0,0,NA,0,1,0
"BA.2.25",NA,0,0,NA,0,1,0
"BA.2.26",NA,0,0,NA,0,1,0
"BA.2.27",NA,0,0,NA,0,1,0
"BA.2.28",NA,0,0,NA,0,1,0
"BA.2.29",NA,0,0,NA,0,1,0
"BA.2.3",NA,0,0,NA,0,1,0
"BA.2.3.1",NA,0,0,NA,0,1,0
"BA.2.3.10",NA,0,0,NA,0,1,0
"BA.2.3.11",NA,0,0,NA,0,1,0
"BA.2.3.12",NA,0,0,NA,0,1,0
"BA.2.3.13",NA,0,0,NA,0,1,0
"BA.2.3.14",NA,0,0,NA,0,1,0
"BA.2.3.15",NA,0,0,NA,0,1,0
"BA.2.3.16",NA,0,0,NA,0,1,0
"BA.2.3.17",NA,0,0,NA,0,1,0
"BA.2.3.2",NA,0,0,NA,0,1,0
"BA.2.3.20",NA,0,0,NA,0,1,0
"BA.2.3.21",NA,0,0,NA,0,1,0
"BA.2.3.4",NA,0,0,NA,0,1,0
"BA.2.3.5",NA,0,0,NA,0,1,0
"BA.2.3.6",NA,0,0,NA,0,1,0
"BA.2.3.7",NA,0,0,NA,0,1,0
"BA.2.3.8",NA,0,0,NA,0,1,0
"BA.2.3.9",NA,0,0,NA,0,1,0
"BA.2.30",NA,0,0,NA,0,1,0
"BA.2.31",NA,0,0,NA,0,1,0
"BA.2.31.1",NA,0,0,NA,0,1,0
"BA.2.32",NA,0,0,NA,0,1,0
"BA.2.33",NA,0,0,NA,0,1,0
"BA.2.34",NA,0,0,NA,0,1,0
"BA.2.35",NA,0,0,NA,0,1,0
"BA.2.36",NA,0,0,NA,0,1,0
"BA.2.37",NA,0,0,NA,0,1,0
"BA.2.38",NA,0,0,NA,0,1,0
"BA.2.38.1",NA,0,0,NA,0,1,0
"BA.2.38.2",NA,0,0,NA,0,1,0
"BA.2.38.3",NA,0,0,NA,0,1,0
"BA.2.38.4",NA,0,0,NA,0,1,0
"BA.2.39",NA,0,0,NA,0,1,0
"BA.2.4",NA,0,0,NA,0,1,0
"BA.2.40",NA,0,0,NA,0,1,0
"BA.2.40.1",NA,0,0,NA,0,1,0
"BA.2.41",NA,0,0,NA,0,1,0
"BA.2.42",NA,0,0,NA,0,1,0
"BA.2.43",NA,0,0,NA,0,1,0
"BA.2.44",NA,0,0,NA,0,1,0
"BA.2.45",NA,0,0,NA,0,1,0
"BA.2.47",NA,0,0,NA,0,1,0
"BA.2.48",NA,0,0,NA,0,1,0
"BA.2.49",NA,0,0,NA,0,1,0
"BA.2.5",NA,0,0,NA,0,1,0
"BA.2.50",NA,0,0,NA,0,1,0
"BA.2.51",NA,0,0,NA,0,1,0
"BA.2.52",NA,0,0,NA,0,1,0
"BA.2.53",NA,0,0,NA,0,1,0
"BA.2.54",NA,0,0,NA,0,1,0
"BA.2.55",NA,0,0,NA,0,1,0
"BA.2.56",NA,0,0,NA,0,1,0
"BA.2.57",NA,0,0,NA,0,1,0
"BA.2.58",NA,0,0,NA,0,1,0
"BA.2.59",NA,0,0,NA,0,1,0
"BA.2.6",NA,0,0,NA,0,1,0
"BA.2.60",NA,0,0,NA,0,1,0
"BA.2.61",NA,0,0,NA,0,1,0
"BA.2.62",NA,0,0,NA,0,1,0
"BA.2.63",NA,0,0,NA,0,1,0
"BA.2.64",NA,0,0,NA,0,1,0
"BA.2.65",NA,0,0,NA,0,1,0
"BA.2.66",NA,0,0,NA,0,1,0
"BA.2.68",NA,0,0,NA,0,1,0
"BA.2.69",NA,0,0,NA,0,1,0
"BA.2.7",NA,0,0,NA,0,1,0
"BA.2.70",NA,0,0,NA,0,1,0
"BA.2.71",NA,0,0,NA,0,1,0
"BA.2.72",NA,0,0,NA,0,1,0
"BA.2.73",NA,0,0,NA,0,1,0
"BA.2.74",NA,0,0,NA,0,1,0
"BA.2.75",NA,0,0,NA,0,1,0
"BA.2.75.1",NA,0,0,NA,0,1,0
"BA.2.75.10",NA,0,0,NA,0,1,0
"BA.2.75.2",NA,0,0,NA,0,1,0
"BA.2.75.3",NA,0,0,NA,0,1,0
"BA.2.75.4",NA,0,0,NA,0,1,0
"BA.2.75.5",NA,0,0,NA,0,1,0
"BA.2.75.6",NA,0,0,NA,0,1,0
"BA.2.75.7",NA,0,0,NA,0,1,0
"BA.2.75.9",NA,0,0,NA,0,1,0
"BA.2.76",NA,0,0,NA,0,1,0
"BA.2.76.1",NA,0,0,NA,0,1,0
"BA.2.77",NA,0,0,NA,0,1,0
"BA.2.78",NA,0,0,NA,0,1,0
"BA.2.79",NA,0,0,NA,0,1,0
"BA.2.79.1",NA,0,0,NA,0,1,0
"BA.2.8",NA,0,0,NA,0,1,0
"BA.2.81",NA,0,0,NA,0,1,0
"BA.2.82",NA,0,0,NA,0,1,0
"BA.2.85",NA,0,0,NA,0,1,0
"BA.2.9",NA,0,0,NA,0,1,0
"BA.2.9.1",NA,0,0,NA,0,1,0
"BA.2.9.2",NA,0,0,NA,0,1,0
"BA.2.9.3",NA,0,0,NA,0,1,0
"BA.2.9.4",NA,0,0,NA,0,1,0
"BA.2.9.5",NA,0,0,NA,0,1,0
"BA.2.9.6",NA,0,0,NA,0,1,0
"BA.2.9.7",NA,0,0,NA,0,1,0
"BA.3",NA,0,0,NA,0,1,0
"BA.3.1",NA,0,0,NA,0,1,0
"BA.4",NA,0,0,NA,0,1,0
"BA.4.1",NA,0,0,NA,0,1,0
"BA.4.1.1",NA,0,0,NA,0,1,0
"BA.4.1.10",NA,0,0,NA,0,1,0
"BA.4.1.11",NA,0,0,NA,0,1,0
"BA.4.1.2",NA,0,0,NA,0,1,0
"BA.4.1.3",NA,0,0,NA,0,1,0
"BA.4.1.4",NA,0,0,NA,0,1,0
"BA.4.1.5",NA,0,0,NA,0,1,0
"BA.4.1.6",NA,0,0,NA,0,1,0
"BA.4.1.8",NA,0,0,NA,0,1,0
"BA.4.1.9",NA,0,0,NA,0,1,0
"BA.4.2",NA,0,0,NA,0,1,0
"BA.4.3",NA,0,0,NA,0,1,0
"BA.4.4",NA,0,0,NA,0,1,0
"BA.4.5",NA,0,0,NA,0,1,0
"BA.4.6",NA,0,0,NA,0,1,0
"BA.4.6.1",NA,0,0,NA,0,1,0
"BA.4.6.2",NA,0,0,NA,0,1,0
"BA.4.6.3",NA,0,0,NA,0,1,0
"BA.4.6.4",NA,0,0,NA,0,1,0
"BA.4.6.5",NA,0,0,NA,0,1,0
"BA.4.7",NA,0,0,NA,0,1,0
"BA.4.8",NA,0,0,NA,0,1,0
"BA.5",NA,0,0,NA,0,1,0
"BA.5.1",NA,0,0,NA,0,1,0
"BA.5.1.1",NA,0,0,NA,0,1,0
"BA.5.1.10",NA,0,0,NA,0,1,0
"BA.5.1.11",NA,0,0,NA,0,1,0
"BA.5.1.12",NA,0,0,NA,0,1,0
"BA.5.1.15",NA,0,0,NA,0,1,0
"BA.5.1.16",NA,0,0,NA,0,1,0
"BA.5.1.17",NA,0,0,NA,0,1,0
"BA.5.1.18",NA,0,0,NA,0,1,0
"BA.5.1.19",NA,0,0,NA,0,1,0
"BA.5.1.2",NA,0,0,NA,0,1,0
"BA.5.1.20",NA,0,0,NA,0,1,0
"BA.5.1.21",NA,0,0,NA,0,1,0
"BA.5.1.22",NA,0,0,NA,0,1,0
"BA.5.1.23",NA,0,0,NA,0,1,0
"BA.5.1.24",NA,0,0,NA,0,1,0
"BA.5.1.25",NA,0,0,NA,0,1,0
"BA.5.1.26",NA,0,0,NA,0,1,0
"BA.5.1.27",NA,0,0,NA,0,1,0
"BA.5.1.28",NA,0,0,NA,0,1,0
"BA.5.1.29",NA,0,0,NA,0,1,0
"BA.5.1.3",NA,0,0,NA,0,1,0
"BA.5.1.30",NA,0,0,NA,0,1,0
"BA.5.1.31",NA,0,0,NA,0,1,0
"BA.5.1.32",NA,0,0,NA,0,1,0
"BA.5.1.33",NA,0,0,NA,0,1,0
"BA.5.1.34",NA,0,0,NA,0,1,0
"BA.5.1.35",NA,0,0,NA,0,1,0
"BA.5.1.36",NA,0,0,NA,0,1,0
"BA.5.1.37",NA,0,0,NA,0,1,0
"BA.5.1.38",NA,0,0,NA,0,1,0
"BA.5.1.4",NA,0,0,NA,0,1,0
"BA.5.1.5",NA,0,0,NA,0,1,0
"BA.5.1.6",NA,0,0,NA,0,1,0
"BA.5.1.7",NA,0,0,NA,0,1,0
"BA.5.1.8",NA,0,0,NA,0,1,0
"BA.5.1.9",NA,0,0,NA,0,1,0
"BA.5.10",NA,0,0,NA,0,1,0
"BA.5.10.1",NA,0,0,NA,0,1,0
"BA.5.11",NA,0,0,NA,0,1,0
"BA.5.12",NA,0,0,NA,0,1,0
"BA.5.2",NA,0,0,NA,0,1,0
"BA.5.2.1",NA,0,0,NA,0,1,0
"BA.5.2.10",NA,0,0,NA,0,1,0
"BA.5.2.11",NA,0,0,NA,0,1,0
"BA.5.2.12",NA,0,0,NA,0,1,0
"BA.5.2.13",NA,0,0,NA,0,1,0
"BA.5.2.14",NA,0,0,NA,0,1,0
"BA.5.2.16",NA,0,0,NA,0,1,0
"BA.5.2.18",NA,0,0,NA,0,1,0
"BA.5.2.19",NA,0,0,NA,0,1,0
"BA.5.2.2",NA,0,0,NA,0,1,0
"BA.5.2.20",NA,0,0,NA,0,1,0
"BA.5.2.21",NA,0,0,NA,0,1,0
"BA.5.2.22",NA,0,0,NA,0,1,0
"BA.5.2.23",NA,0,0,NA,0,1,0
"BA.5.2.24",NA,0,0,NA,0,1,0
"BA.5.2.25",NA,0,0,NA,0,1,0
"BA.5.2.26",NA,0,0,NA,0,1,0
"BA.5.2.27",NA,0,0,NA,0,1,0
"BA.5.2.28",NA,0,0,NA,0,1,0
"BA.5.2.29",NA,0,0,NA,0,1,0
"BA.5.2.3",NA,0,0,NA,0,1,0
"BA.5.2.30",NA,0,0,NA,0,1,0
"BA.5.2.31",NA,0,0,NA,0,1,0
"BA.5.2.32",NA,0,0,NA,0,1,0
"BA.5.2.33",NA,0,0,NA,0,1,0
"BA.5.2.34",NA,0,0,NA,0,1,0
"BA.5.2.35",NA,0,0,NA,0,1,0
"BA.5.2.36",NA,0,0,NA,0,1,0
"BA.5.2.37",NA,0,0,NA,0,1,0
"BA.5.2.38",NA,0,0,NA,0,1,0
"BA.5.2.39",NA,0,0,NA,0,1,0
"BA.5.2.4",NA,0,0,NA,0,1,0
"BA.5.2.41",NA,0,0,NA,0,1,0
"BA.5.2.43",NA,0,0,NA,0,1,0
"BA.5.2.44",NA,0,0,NA,0,1,0
"BA.5.2.45",NA,0,0,NA,0,1,0
"BA.5.2.46",NA,0,0,NA,0,1,0
"BA.5.2.47",NA,0,0,NA,0,1,0
"BA.5.2.48",NA,0,0,NA,0,1,0
"BA.5.2.49",NA,0,0,NA,0,1,0
"BA.5.2.5",NA,0,0,NA,0,1,0
"BA.5.2.51",NA,0,0,NA,0,1,0
"BA.5.2.52",NA,0,0,NA,0,1,0
"BA.5.2.53",NA,0,0,NA,0,1,0
"BA.5.2.54",NA,0,0,NA,0,1,0
"BA.5.2.55",NA,0,0,NA,0,1,0
"BA.5.2.56",NA,0,0,NA,0,1,0
"BA.5.2.57",NA,0,0,NA,0,1,0
"BA.5.2.58",NA,0,0,NA,0,1,0
"BA.5.2.59",NA,0,0,NA,0,1,0
"BA.5.2.6",NA,0,0,NA,0,1,0
"BA.5.2.60",NA,0,0,NA,0,1,0
"BA.5.2.61",NA,0,0,NA,0,1,0
"BA.5.2.62",NA,0,0,NA,0,1,0
"BA.5.2.63",NA,0,0,NA,0,1,0
"BA.5.2.7",NA,0,0,NA,0,1,0
"BA.5.2.8",NA,0,0,NA,0,1,0
"BA.5.2.9",NA,0,0,NA,0,1,0
"BA.5.3",NA,0,0,NA,0,1,0
"BA.5.3.1",NA,0,0,NA,0,1,0
"BA.5.3.2",NA,0,0,NA,0,1,0
"BA.5.3.3",NA,0,0,NA,0,1,0
"BA.5.3.4",NA,0,0,NA,0,1,0
"BA.5.3.5",NA,0,0,NA,0,1,0
"BA.5.5",NA,0,0,NA,0,1,0
"BA.5.5.1",NA,0,0,NA,0,1,0
"BA.5.5.2",NA,0,0,NA,0,1,0
"BA.5.5.3",NA,0,0,NA,0,1,0
"BA.5.6",NA,0,0,NA,0,1,0
"BA.5.6.1",NA,0,0,NA,0,1,0
"BA.5.6.2",NA,0,0,NA,0,1,0
"BA.5.6.3",NA,0,0,NA,0,1,0
"BA.5.6.4",NA,0,0,NA,0,1,0
"BA.5.7",NA,0,0,NA,0,1,0
"BA.5.8",NA,0,0,NA,0,1,0
"BA.5.9",NA,0,0,NA,0,1,0
"BB.1",NA,0,0,NA,0,1,0
"BB.2",NA,0,0,NA,0,1,0
"BC.1",NA,0,0,NA,0,1,0
"BC.2",NA,0,0,NA,0,1,0
"BD.1",NA,0,0,NA,0,1,0
"BE.1",NA,0,0,NA,0,1,0
"BE.1.1",NA,0,0,NA,0,1,0
"BE.1.1.1",NA,0,0,NA,0,1,0
"BE.1.1.2",NA,0,0,NA,0,1,0
"BE.1.2",NA,0,0,NA,0,1,0
"BE.1.2.1",NA,0,0,NA,0,1,0
"BE.1.3",NA,0,0,NA,0,1,0
"BE.1.4",NA,0,0,NA,0,1,0
"BE.1.4.1",NA,0,0,NA,0,1,0
"BE.1.4.2",NA,0,0,NA,0,1,0
"BE.1.4.3",NA,0,0,NA,0,1,0
"BE.1.4.4",NA,0,0,NA,0,1,0
"BE.10",NA,0,0,NA,0,1,0
"BE.11",NA,0,0,NA,0,1,0
"BE.12",NA,0,0,NA,0,1,0
"BE.13",NA,0,0,NA,0,1,0
"BE.2",NA,0,0,NA,0,1,0
"BE.3",NA,0,0,NA,0,1,0
"BE.4",NA,0,0,NA,0,1,0
"BE.4.1",NA,0,0,NA,0,1,0
"BE.4.1.1",NA,0,0,NA,0,1,0
"BE.4.2",NA,0,0,NA,0,1,0
"BE.5",NA,0,0,NA,0,1,0
"BE.6",NA,0,0,NA,0,1,0
"BE.7",NA,0,0,NA,0,1,0
"BE.8",NA,0,0,NA,0,1,0
"BE.9",NA,0,0,NA,0,1,0
"BF.1",NA,0,0,NA,0,1,0
"BF.1.1",NA,0,0,NA,0,1,0
"BF.10",NA,0,0,NA,0,1,0
"BF.10.1",NA,0,0,NA,0,1,0
"BF.11",NA,0,0,NA,0,1,0
"BF.11.1",NA,0,0,NA,0,1,0
"BF.11.2",NA,0,0,NA,0,1,0
"BF.11.3",NA,0,0,NA,0,1,0
"BF.11.4",NA,0,0,NA,0,1,0
"BF.11.5",NA,0,0,NA,0,1,0
"BF.12",NA,0,0,NA,0,1,0
"BF.13",NA,0,0,NA,0,1,0
"BF.14",NA,0,0,NA,0,1,0
"BF.15",NA,0,0,NA,0,1,0
"BF.16",NA,0,0,NA,0,1,0
"BF.17",NA,0,0,NA,0,1,0
"BF.18",NA,0,0,NA,0,1,0
"BF.19",NA,0,0,NA,0,1,0
"BF.2",NA,0,0,NA,0,1,0
"BF.20",NA,0,0,NA,0,1,0
"BF.21",NA,0,0,NA,0,1,0
"BF.22",NA,0,0,NA,0,1,0
"BF.23",NA,0,0,NA,0,1,0
"BF.24",NA,0,0,NA,0,1,0
"BF.25",NA,0,0,NA,0,1,0
"BF.26",NA,0,0,NA,0,1,0
"BF.27",NA,0,0,NA,0,1,0
"BF.28",NA,0,0,NA,0,1,0
"BF.29",NA,0,0,NA,0,1,0
"BF.3",NA,0,0,NA,0,1,0
"BF.3.1",NA,0,0,NA,0,1,0
"BF.30",NA,0,0,NA,0,1,0
"BF.31",NA,0,0,NA,0,1,0
"BF.31.1",NA,0,0,NA,0,1,0
"BF.32",NA,0,0,NA,0,1,0
"BF.34",NA,0,0,NA,0,1,0
"BF.36",NA,0,0,NA,0,1,0
"BF.38",NA,0,0,NA,0,1,0
"BF.39",NA,0,0,NA,0,1,0
"BF.39.1",NA,0,0,NA,0,1,0
"BF.4",NA,0,0,NA,0,1,0
"BF.40",NA,0,0,NA,0,1,0
"BF.41",NA,0,0,NA,0,1,0
"BF.41.1",NA,0,0,NA,0,1,0
"BF.5",NA,0,0,NA,0,1,0
"BF.5.1",NA,0,0,NA,0,1,0
"BF.5.2",NA,0,0,NA,0,1,0
"BF.5.4",NA,0,0,NA,0,1,0
"BF.5.5",NA,0,0,NA,0,1,0
"BF.6",NA,0,0,NA,0,1,0
"BF.7",NA,0,0,NA,0,1,0
"BF.7.1",NA,0,0,NA,0,1,0
"BF.7.10",NA,0,0,NA,0,1,0
"BF.7.11",NA,0,0,NA,0,1,0
"BF.7.12",NA,0,0,NA,0,1,0
"BF.7.13",NA,0,0,NA,0,1,0
"BF.7.13.2",NA,0,0,NA,0,1,0
"BF.7.14",NA,0,0,NA,0,1,0
"BF.7.14.1",NA,0,0,NA,0,1,0
"BF.7.14.3",NA,0,0,NA,0,1,0
"BF.7.14.4",NA,0,0,NA,0,1,0
"BF.7.14.5",NA,0,0,NA,0,1,0
"BF.7.14.6",NA,0,0,NA,0,1,0
"BF.7.15",NA,0,0,NA,0,1,0
"BF.7.16",NA,0,0,NA,0,1,0
"BF.7.17",NA,0,0,NA,0,1,0
"BF.7.18",NA,0,0,NA,0,1,0
"BF.7.19",NA,0,0,NA,0,1,0
"BF.7.19.1",NA,0,0,NA,0,1,0
"BF.7.20",NA,0,0,NA,0,1,0
"BF.7.21",NA,0,0,NA,0,1,0
"BF.7.22",NA,0,0,NA,0,1,0
"BF.7.23",NA,0,0,NA,0,1,0
"BF.7.24",NA,0,0,NA,0,1,0
"BF.7.26",NA,0,0,NA,0,1,0
"BF.7.27",NA,0,0,NA,0,1,0
"BF.7.3",NA,0,0,NA,0,1,0
"BF.7.4",NA,0,0,NA,0,1,0
"BF.7.4.1",NA,0,0,NA,0,1,0
"BF.7.4.2",NA,0,0,NA,0,1,0
"BF.7.5",NA,0,0,NA,0,1,0
"BF.7.5.1",NA,0,0,NA,0,1,0
"BF.7.6",NA,0,0,NA,0,1,0
"BF.7.7",NA,0,0,NA,0,1,0
"BF.7.8",NA,0,0,NA,0,1,0
"BF.7.9",NA,0,0,NA,0,1,0
"BF.8",NA,0,0,NA,0,1,0
"BF.9",NA,0,0,NA,0,1,0
"BG.1",NA,0,0,NA,0,1,0
"BG.2",NA,0,0,NA,0,1,0
"BG.3",NA,0,0,NA,0,1,0
"BG.4",NA,0,0,NA,0,1,0
"BG.5",NA,0,0,NA,0,1,0
"BH.1",NA,0,0,NA,0,1,0
"BJ.1",NA,0,0,NA,0,1,0
"BK.1",NA,0,0,NA,0,1,0
"BL.1",NA,0,0,NA,0,1,0
"BL.1.3",NA,0,0,NA,0,1,0
"BL.1.4",NA,0,0,NA,0,1,0
"BL.1.5",NA,0,0,NA,0,1,0
"BL.2",NA,0,0,NA,0,1,0
"BL.3",NA,0,0,NA,0,1,0
"BL.4",NA,0,0,NA,0,1,0
"BL.6",NA,0,0,NA,0,1,0
"BM.1",NA,0,0,NA,0,1,0
"BM.1.1",NA,0,0,NA,0,1,0
"BM.1.1.1",NA,0,0,NA,0,1,0
"BM.1.1.3",NA,0,0,NA,0,1,0
"BM.1.1.4",NA,0,0,NA,0,1,0
"BM.1.1.5",NA,0,0,NA,0,1,0
"BM.2",NA,0,0,NA,0,1,0
"BM.2.1",NA,0,0,NA,0,1,0
"BM.2.3",NA,0,0,NA,0,1,0
"BM.3",NA,0,0,NA,0,1,0
"BM.4",NA,0,0,NA,0,1,0
"BM.4.1",NA,0,0,NA,0,1,0
"BM.4.1.1",NA,0,0,NA,0,1,0
"BM.5",NA,0,0,NA,0,1,0
"BM.6",NA,0,0,NA,0,1,0
"BN.1",NA,0,0,NA,0,1,0
"BN.1.1",NA,0,0,NA,0,1,0
"BN.1.1.1",NA,0,0,NA,0,1,0
"BN.1.10",NA,0,0,NA,0,1,0
"BN.1.11",NA,0,0,NA,0,1,0
"BN.1.2",NA,0,0,NA,0,1,0
"BN.1.2.1",NA,0,0,NA,0,1,0
"BN.1.2.2",NA,0,0,NA,0,1,0
"BN.1.2.3",NA,0,0,NA,0,1,0
"BN.1.2.4",NA,0,0,NA,0,1,0
"BN.1.2.5",NA,0,0,NA,0,1,0
"BN.1.2.6",NA,0,0,NA,0,1,0
"BN.1.3",NA,0,0,NA,0,1,0
"BN.1.3.1",NA,0,0,NA,0,1,0
"BN.1.3.11",NA,0,0,NA,0,1,0
"BN.1.3.2",NA,0,0,NA,0,1,0
"BN.1.3.3",NA,0,0,NA,0,1,0
"BN.1.3.4",NA,0,0,NA,0,1,0
"BN.1.3.5",NA,0,0,NA,0,1,0
"BN.1.3.6",NA,0,0,NA,0,1,0
"BN.1.3.7",NA,0,0,NA,0,1,0
"BN.1.3.8",NA,0,0,NA,0,1,0
"BN.1.3.9",NA,0,0,NA,0,1,0
"BN.1.4",NA,0,0,NA,0,1,0
"BN.1.4.1",NA,0,0,NA,0,1,0
"BN.1.4.2",NA,0,0,NA,0,1,0
"BN.1.4.3",NA,0,0,NA,0,1,0
"BN.1.4.5",NA,0,0,NA,0,1,0
"BN.1.5",NA,0,0,NA,0,1,0
"BN.1.5.1",NA,0,0,NA,0,1,0
"BN.1.5.2",NA,0,0,NA,0,1,0
"BN.1.6",NA,0,0,NA,0,1,0
"BN.1.7",NA,0,0,NA,0,1,0
"BN.1.8",NA,0,0,NA,0,1,0
"BN.1.9",NA,0,0,NA,0,1,0
"BN.2",NA,0,0,NA,0,1,0
"BN.2.1",NA,0,0,NA,0,1,0
"BN.3",NA,0,0,NA,0,1,0
"BN.3.1",NA,0,0,NA,0,1,0
"BN.4",NA,0,0,NA,0,1,0
"BN.5",NA,0,0,NA,0,1,0
"BN.6",NA,0,0,NA,0,1,0
"BP.1",NA,0,0,NA,0,1,0
"BQ.1",NA,0,0,NA,0,1,0
"BQ.1.1",NA,0,0,NA,0,1,0
"BQ.1.1.1",NA,0,0,NA,0,1,0
"BQ.1.1.10",NA,0,0,NA,0,1,0
"BQ.1.1.11",NA,0,0,NA,0,1,0
"BQ.1.1.12",NA,0,0,NA,0,1,0
"BQ.1.1.13",NA,0,0,NA,0,1,0
"BQ.1.1.14",NA,0,0,NA,0,1,0
"BQ.1.1.15",NA,0,0,NA,0,1,0
"BQ.1.1.16",NA,0,0,NA,0,1,0
"BQ.1.1.17",NA,0,0,NA,0,1,0
"BQ.1.1.18",NA,0,0,NA,0,1,0
"BQ.1.1.19",NA,0,0,NA,0,1,0
"BQ.1.1.2",NA,0,0,NA,0,1,0
"BQ.1.1.20",NA,0,0,NA,0,1,0
"BQ.1.1.21",NA,0,0,NA,0,1,0
"BQ.1.1.22",NA,0,0,NA,0,1,0
"BQ.1.1.23",NA,0,0,NA,0,1,0
"BQ.1.1.24",NA,0,0,NA,0,1,0
"BQ.1.1.25",NA,0,0,NA,0,1,0
"BQ.1.1.26",NA,0,0,NA,0,1,0
"BQ.1.1.27",NA,0,0,NA,0,1,0
"BQ.1.1.28",NA,0,0,NA,0,1,0
"BQ.1.1.29",NA,0,0,NA,0,1,0
"BQ.1.1.3",NA,0,0,NA,0,1,0
"BQ.1.1.30",NA,0,0,NA,0,1,0
"BQ.1.1.31",NA,0,0,NA,0,1,0
"BQ.1.1.32",NA,0,0,NA,0,1,0
"BQ.1.1.35",NA,0,0,NA,0,1,0
"BQ.1.1.36",NA,0,0,NA,0,1,0
"BQ.1.1.37",NA,0,0,NA,0,1,0
"BQ.1.1.38",NA,0,0,NA,0,1,0
"BQ.1.1.39",NA,0,0,NA,0,1,0
"BQ.1.1.4",NA,0,0,NA,0,1,0
"BQ.1.1.40",NA,0,0,NA,0,1,0
"BQ.1.1.41",NA,0,0,NA,0,1,0
"BQ.1.1.42",NA,0,0,NA,0,1,0
"BQ.1.1.43",NA,0,0,NA,0,1,0
"BQ.1.1.44",NA,0,0,NA,0,1,0
"BQ.1.1.45",NA,0,0,NA,0,1,0
"BQ.1.1.46",NA,0,0,NA,0,1,0
"BQ.1.1.47",NA,0,0,NA,0,1,0
"BQ.1.1.48",NA,0,0,NA,0,1,0
"BQ.1.1.49",NA,0,0,NA,0,1,0
"BQ.1.1.5",NA,0,0,NA,0,1,0
"BQ.1.1.50",NA,0,0,NA,0,1,0
"BQ.1.1.51",NA,0,0,NA,0,1,0
"BQ.1.1.52",NA,0,0,NA,0,1,0
"BQ.1.1.53",NA,0,0,NA,0,1,0
"BQ.1.1.54",NA,0,0,NA,0,1,0
"BQ.1.1.55",NA,0,0,NA,0,1,0
"BQ.1.1.56",NA,0,0,NA,0,1,0
"BQ.1.1.57",NA,0,0,NA,0,1,0
"BQ.1.1.58",NA,0,0,NA,0,1,0
"BQ.1.1.59",NA,0,0,NA,0,1,0
"BQ.1.1.6",NA,0,0,NA,0,1,0
"BQ.1.1.60",NA,0,0,NA,0,1,0
"BQ.1.1.61",NA,0,0,NA,0,1,0
"BQ.1.1.62",NA,0,0,NA,0,1,0
"BQ.1.1.63",NA,0,0,NA,0,1,0
"BQ.1.1.64",NA,0,0,NA,0,1,0
"BQ.1.1.65",NA,0,0,NA,0,1,0
"BQ.1.1.66",NA,0,0,NA,0,1,0
"BQ.1.1.67",NA,0,0,NA,0,1,0
"BQ.1.1.68",NA,0,0,NA,0,1,0
"BQ.1.1.69",NA,0,0,NA,0,1,0
"BQ.1.1.7",NA,0,0,NA,0,1,0
"BQ.1.1.70",NA,0,0,NA,0,1,0
"BQ.1.1.71",NA,0,0,NA,0,1,0
"BQ.1.1.72",NA,0,0,NA,0,1,0
"BQ.1.1.73",NA,0,0,NA,0,1,0
"BQ.1.1.74",NA,0,0,NA,0,1,0
"BQ.1.1.8",NA,0,0,NA,0,1,0
"BQ.1.1.9",NA,0,0,NA,0,1,0
"BQ.1.10",NA,0,0,NA,0,1,0
"BQ.1.10.1",NA,0,0,NA,0,1,0
"BQ.1.10.2",NA,0,0,NA,0,1,0
"BQ.1.10.3",NA,0,0,NA,0,1,0
"BQ.1.11",NA,0,0,NA,0,1,0
"BQ.1.11.1",NA,0,0,NA,0,1,0
"BQ.1.12",NA,0,0,NA,0,1,0
"BQ.1.13",NA,0,0,NA,0,1,0
"BQ.1.13.1",NA,0,0,NA,0,1,0
"BQ.1.14",NA,0,0,NA,0,1,0
"BQ.1.15",NA,0,0,NA,0,1,0
"BQ.1.15.1",NA,0,0,NA,0,1,0
"BQ.1.15.2",NA,0,0,NA,0,1,0
"BQ.1.16",NA,0,0,NA,0,1,0
"BQ.1.17",NA,0,0,NA,0,1,0
"BQ.1.18",NA,0,0,NA,0,1,0
"BQ.1.19",NA,0,0,NA,0,1,0
"BQ.1.2",NA,0,0,NA,0,1,0
"BQ.1.2.1",NA,0,0,NA,0,1,0
"BQ.1.2.2",NA,0,0,NA,0,1,0
"BQ.1.2.3",NA,0,0,NA,0,1,0
"BQ.1.20",NA,0,0,NA,0,1,0
"BQ.1.21",NA,0,0,NA,0,1,0
"BQ.1.22",NA,0,0,NA,0,1,0
"BQ.1.23",NA,0,0,NA,0,1,0
"BQ.1.24",NA,0,0,NA,0,1,0
"BQ.1.25",NA,0,0,NA,0,1,0
"BQ.1.25.1",NA,0,0,NA,0,1,0
"BQ.1.26",NA,0,0,NA,0,1,0
"BQ.1.26.1",NA,0,0,NA,0,1,0
"BQ.1.27",NA,0,0,NA,0,1,0
"BQ.1.28",NA,0,0,NA,0,1,0
"BQ.1.29",NA,0,0,NA,0,1,0
"BQ.1.3",NA,0,0,NA,0,1,0
"BQ.1.3.1",NA,0,0,NA,0,1,0
"BQ.1.3.2",NA,0,0,NA,0,1,0
"BQ.1.30",NA,0,0,NA,0,1,0
"BQ.1.31",NA,0,0,NA,0,1,0
"BQ.1.32",NA,0,0,NA,0,1,0
"BQ.1.33",NA,0,0,NA,0,1,0
"BQ.1.4",NA,0,0,NA,0,1,0
"BQ.1.5",NA,0,0,NA,0,1,0
"BQ.1.6",NA,0,0,NA,0,1,0
"BQ.1.7",NA,0,0,NA,0,1,0
"BQ.1.8",NA,0,0,NA,0,1,0
"BQ.1.8.2",NA,0,0,NA,0,1,0
"BQ.1.9",NA,0,0,NA,0,1,0
"BQ.2",NA,0,0,NA,0,1,0
"BR.1",NA,0,0,NA,0,1,0
"BR.1.2",NA,0,0,NA,0,1,0
"BR.2",NA,0,0,NA,0,1,0
"BR.2.1",NA,0,0,NA,0,1,0
"BR.3",NA,0,0,NA,0,1,0
"BR.4",NA,0,0,NA,0,1,0
"BR.5",NA,0,0,NA,0,1,0
"BS.1",NA,0,0,NA,0,1,0
"BS.1.1",NA,0,0,NA,0,1,0
"BT.1",NA,0,0,NA,0,1,0
"BT.2",NA,0,0,NA,0,1,0
"BU.1",NA,0,0,NA,0,1,0
"BU.2",NA,0,0,NA,0,1,0
"BU.3",NA,0,0,NA,0,1,0
"BV.1",NA,0,0,NA,0,1,0
"BV.2",NA,0,0,NA,0,1,0
"BW.1",NA,0,0,NA,0,1,0
"BW.1.1",NA,0,0,NA,0,1,0
"BW.1.1.1",NA,0,0,NA,0,1,0
"BW.1.1.2",NA,0,0,NA,0,1,0
"BW.1.2",NA,0,0,NA,0,1,0
"BY.1",NA,0,0,NA,0,1,0
"BY.1.1",NA,0,0,NA,0,1,0
"BY.1.1.1",NA,0,0,NA,0,1,0
"BY.1.2",NA,0,0,NA,0,1,0
"BZ.1",NA,0,0,NA,0,1,0
"BZ.2",NA,0,0,NA,0,1,0
"C.1",NA,0,0,NA,0,1,0
"C.13",NA,0,0,NA,0,1,0
"C.14",NA,0,0,NA,0,1,0
"C.16",NA,0,0,NA,0,1,0
"C.17",NA,0,0,NA,0,1,0
"C.18",NA,0,0,NA,0,1,0
"C.2.1",NA,0,0,NA,0,1,0
"C.23",NA,0,0,NA,0,1,0
"C.28",NA,0,0,NA,0,1,0
"C.31",NA,0,0,NA,0,1,0
"C.33",NA,0,0,NA,0,1,0
"C.35",NA,0,0,NA,0,1,0
"C.36",NA,0,0,NA,0,1,0
"C.36.1",NA,0,0,NA,0,1,0
"C.36.3",NA,0,0,NA,0,1,0
"C.36.3.1",NA,0,0,NA,0,1,0
"C.37",NA,0,0,NA,0,1,0
"C.37.1",NA,0,0,NA,0,1,0
"C.38",NA,0,0,NA,0,1,0
"C.4",NA,0,0,NA,0,1,0
"C.8",NA,0,0,NA,0,1,0
"CA.1",NA,0,0,NA,0,1,0
"CA.2",NA,0,0,NA,0,1,0
"CA.3",NA,0,0,NA,0,1,0
"CA.3.1",NA,0,0,NA,0,1,0
"CA.5",NA,0,0,NA,0,1,0
"CA.6",NA,0,0,NA,0,1,0
"CA.7",NA,0,0,NA,0,1,0
"CB.1",NA,0,0,NA,0,1,0
"CC.1",NA,0,0,NA,0,1,0
"CD.1",NA,0,0,NA,0,1,0
"CD.2",NA,0,0,NA,0,1,0
"CE.1",NA,0,0,NA,0,1,0
"CF.1",NA,0,0,NA,0,1,0
"CG.1",NA,0,0,NA,0,1,0
"CH.1",NA,0,0,NA,0,1,0
"CH.1.1",NA,0,0,NA,0,1,0
"CH.1.1.1",NA,0,0,NA,0,1,0
"CH.1.1.10",NA,0,0,NA,0,1,0
"CH.1.1.11",NA,0,0,NA,0,1,0
"CH.1.1.12",NA,0,0,NA,0,1,0
"CH.1.1.13",NA,0,0,NA,0,1,0
"CH.1.1.14",NA,0,0,NA,0,1,0
"CH.1.1.15",NA,0,0,NA,0,1,0
"CH.1.1.16",NA,0,0,NA,0,1,0
"CH.1.1.18",NA,0,0,NA,0,1,0
"CH.1.1.19",NA,0,0,NA,0,1,0
"CH.1.1.2",NA,0,0,NA,0,1,0
"CH.1.1.20",NA,0,0,NA,0,1,0
"CH.1.1.21",NA,0,0,NA,0,1,0
"CH.1.1.24",NA,0,0,NA,0,1,0
"CH.1.1.25",NA,0,0,NA,0,1,0
"CH.1.1.26",NA,0,0,NA,0,1,0
"CH.1.1.27",NA,0,0,NA,0,1,0
"CH.1.1.28",NA,0,0,NA,0,1,0
"CH.1.1.3",NA,0,0,NA,0,1,0
"CH.1.1.5",NA,0,0,NA,0,1,0
"CH.1.1.6",NA,0,0,NA,0,1,0
"CH.1.1.7",NA,0,0,NA,0,1,0
"CH.1.1.9",NA,0,0,NA,0,1,0
"CH.2",NA,0,0,NA,0,1,0
"CH.3",NA,0,0,NA,0,1,0
"CJ.1",NA,0,0,NA,0,1,0
"CJ.1.1",NA,0,0,NA,0,1,0
"CJ.1.2",NA,0,0,NA,0,1,0
"CJ.1.3",NA,0,0,NA,0,1,0
"CK.1",NA,0,0,NA,0,1,0
"CK.1.1",NA,0,0,NA,0,1,0
"CK.1.2",NA,0,0,NA,0,1,0
"CK.2",NA,0,0,NA,0,1,0
"CK.2.1",NA,0,0,NA,0,1,0
"CK.2.1.1",NA,0,0,NA,0,1,0
"CK.3",NA,0,0,NA,0,1,0
"CL.1",NA,0,0,NA,0,1,0
"CL.1.1",NA,0,0,NA,0,1,0
"CL.1.2",NA,0,0,NA,0,1,0
"CL.1.3",NA,0,0,NA,0,1,0
"CM.1",NA,0,0,NA,0,1,0
"CM.10",NA,0,0,NA,0,1,0
"CM.11",NA,0,0,NA,0,1,0
"CM.12",NA,0,0,NA,0,1,0
"CM.2",NA,0,0,NA,0,1,0
"CM.2.1",NA,0,0,NA,0,1,0
"CM.3",NA,0,0,NA,0,1,0
"CM.4",NA,0,0,NA,0,1,0
"CM.4.1",NA,0,0,NA,0,1,0
"CM.5",NA,0,0,NA,0,1,0
"CM.5.1",NA,0,0,NA,0,1,0
"CM.5.2",NA,0,0,NA,0,1,0
"CM.6",NA,0,0,NA,0,1,0
"CM.6.1",NA,0,0,NA,0,1,0
"CM.7",NA,0,0,NA,0,1,0
"CM.8",NA,0,0,NA,0,1,0
"CM.8.1",NA,0,0,NA,0,1,0
"CM.8.1.2",NA,0,0,NA,0,1,0
"CM.8.1.3",NA,0,0,NA,0,1,0
"CM.8.1.4",NA,0,0,NA,0,1,0
"CM.9",NA,0,0,NA,0,1,0
"CN.1",NA,0,0,NA,0,1,0
"CN.2",NA,0,0,NA,0,1,0
"CP.1",NA,0,0,NA,0,1,0
"CP.1.1",NA,0,0,NA,0,1,0
"CP.1.2",NA,0,0,NA,0,1,0
"CP.1.3",NA,0,0,NA,0,1,0
"CP.2",NA,0,0,NA,0,1,0
"CP.3",NA,0,0,NA,0,1,0
"CP.4",NA,0,0,NA,0,1,0
"CP.5",NA,0,0,NA,0,1,0
"CP.6",NA,0,0,NA,0,1,0
"CP.8",NA,0,0,NA,0,1,0
"CQ.1",NA,0,0,NA,0,1,0
"CQ.1.1",NA,0,0,NA,0,1,0
"CQ.2",NA,0,0,NA,0,1,0
"CR.1",NA,0,0,NA,0,1,0
"CR.1.1",NA,0,0,NA,0,1,0
"CR.1.3",NA,0,0,NA,0,1,0
"CR.2",NA,0,0,NA,0,1,0
"CS.1",NA,0,0,NA,0,1,0
"CT.1",NA,0,0,NA,0,1,0
"CV.1",NA,0,0,NA,0,1,0
"CV.2",NA,0,0,NA,0,1,0
"CY.1",NA,0,0,NA,0,1,0
"CZ.2",NA,0,0,NA,0,1,0
"DA.1",NA,0,0,NA,0,1,0
"DB.1",NA,0,0,NA,0,1,0
"DB.2",NA,0,0,NA,0,1,0
"DC.1",NA,0,0,NA,0,1,0
"DD.1",NA,0,0,NA,0,1,0
"DE.1",NA,0,0,NA,0,1,0
"DE.2",NA,0,0,NA,0,1,0
"DF.1",NA,0,0,NA,0,1,0
"DF.1.1",NA,0,0,NA,0,1,0
"DG.1",NA,0,0,NA,0,1,0
"DJ.1",NA,0,0,NA,0,1,0
"DJ.1.1",NA,0,0,NA,0,1,0
"DJ.1.1.1",NA,0,0,NA,0,1,0
"DJ.1.2",NA,0,0,NA,0,1,0
"DJ.1.3",NA,0,0,NA,0,1,0
"DK.1",NA,0,0,NA,0,1,0
"DL.1",NA,0,0,NA,0,1,0
"DM.1",NA,0,0,NA,0,1,0
"DN.1",NA,0,0,NA,0,1,0
"DN.1.1",NA,0,0,NA,0,1,0
"DN.1.1.2",NA,0,0,NA,0,1,0
"DN.1.1.3",NA,0,0,NA,0,1,0
"DN.1.1.4",NA,0,0,NA,0,1,0
"DN.2",NA,0,0,NA,0,1,0
"DN.3",NA,0,0,NA,0,1,0
"DN.3.1",NA,0,0,NA,0,1,0
"DQ.1",NA,0,0,NA,0,1,0
"DR.1",NA,0,0,NA,0,1,0
"DR.2",NA,0,0,NA,0,1,0
"DS.1",NA,0,0,NA,0,1,0
"DS.2",NA,0,0,NA,0,1,0
"DS.3",NA,0,0,NA,0,1,0
"DT.1",NA,0,0,NA,0,1,0
"DT.2",NA,0,0,NA,0,1,0
"DT.3",NA,0,0,NA,0,1,0
"DU.1",NA,0,0,NA,0,1,0
"DV.1",NA,0,0,NA,0,1,0
"DV.1.1",NA,0,0,NA,0,1,0
"DV.2",NA,0,0,NA,0,1,0
"DV.3",NA,0,0,NA,0,1,0
"DV.3.1",NA,0,0,NA,0,1,0
"DV.4",NA,0,0,NA,0,1,0
"DV.5",NA,0,0,NA,0,1,0
"DV.6",NA,0,0,NA,0,1,0
"DY.1",NA,0,0,NA,0,1,0
"DY.2",NA,0,0,NA,0,1,0
"DY.3",NA,0,0,NA,0,1,0
"DY.4",NA,0,0,NA,0,1,0
"DZ.1",NA,0,0,NA,0,1,0
"EA.1",NA,0,0,NA,0,1,0
"EB.1",NA,0,0,NA,0,1,0
"EC.1",NA,0,0,NA,0,1,0
"EC.1.1",NA,0,0,NA,0,1,0
"ED.1",NA,0,0,NA,0,1,0
"ED.2",NA,0,0,NA,0,1,0
"ED.3",NA,0,0,NA,0,1,0
"EE.1",NA,0,0,NA,0,1,0
"EE.2",NA,0,0,NA,0,1,0
"EE.3",NA,0,0,NA,0,1,0
"EE.4",NA,0,0,NA,0,1,0
"EE.5",NA,0,0,NA,0,1,0
"EF.1",NA,0,0,NA,0,1,0
"EF.1.1",NA,0,0,NA,0,1,0
"EF.1.1.1",NA,0,0,NA,0,1,0
"EF.1.2",NA,0,0,NA,0,1,0
"EF.1.3",NA,0,0,NA,0,1,0
"EF.2",NA,0,0,NA,0,1,0
"EG.1",NA,0,0,NA,0,1,0
"EG.1.1",NA,0,0,NA,0,1,0
"EG.1.2",NA,0,0,NA,0,1,0
"EG.1.3",NA,0,0,NA,0,1,0
"EG.1.4",NA,0,0,NA,0,1,0
"EG.2",NA,0,0,NA,0,1,0
"EG.3",NA,0,0,NA,0,1,0
"EG.4",NA,0,0,NA,0,1,0
"EG.5",NA,0,0,NA,0,1,0
"EG.5.1",NA,0,0,NA,0,1,0
"EH.1",NA,0,0,NA,0,1,0
"EJ.1",NA,0,0,NA,0,1,0
"EJ.2",NA,0,0,NA,0,1,0
"EJ.3",NA,0,0,NA,0,1,0
"EK.1",NA,0,0,NA,0,1,0
"EK.2",NA,0,0,NA,0,1,0
"EK.2.1",NA,0,0,NA,0,1,0
"EK.3",NA,0,0,NA,0,1,0
"EK.4",NA,0,0,NA,0,1,0
"EL.1",NA,0,0,NA,0,1,0
"EM.1",NA,0,0,NA,0,1,0
"EN.1",NA,0,0,NA,0,1,0
"EP.1",NA,0,0,NA,0,1,0
"EP.2",NA,0,0,NA,0,1,0
"EQ.1",NA,0,0,NA,0,1,0
"ER.1",NA,0,0,NA,0,1,0
"ER.1.1",NA,0,0,NA,0,1,0
"ES.1",NA,0,0,NA,0,1,0
"ET.1",NA,0,0,NA,0,1,0
"EU.1",NA,0,0,NA,0,1,0
"EU.1.1",NA,0,0,NA,0,1,0
"EU.1.1.1",NA,0,0,NA,0,1,0
"EW.1",NA,0,0,NA,0,1,0
"EW.2",NA,0,0,NA,0,1,0
"EW.3",NA,0,0,NA,0,1,0
"EY.1",NA,0,0,NA,0,1,0
"EZ.1",NA,0,0,NA,0,1,0
"FA.1",NA,0,0,NA,0,1,0
"FA.2",NA,0,0,NA,0,1,0
"FB.1",NA,0,0,NA,0,1,0
"FB.2",NA,0,0,NA,0,1,0
"FC.1",NA,0,0,NA,0,1,0
"FD.1",NA,0,0,NA,0,1,0
"FD.1.1",NA,0,0,NA,0,1,0
"FD.2",NA,0,0,NA,0,1,0
"FD.3",NA,0,0,NA,0,1,0
"FD.4",NA,0,0,NA,0,1,0
"FE.1",NA,0,0,NA,0,1,0
"FE.1.1",NA,0,0,NA,0,1,0
"FE.1.2",NA,0,0,NA,0,1,0
"FG.1",NA,0,0,NA,0,1,0
"FG.2",NA,0,0,NA,0,1,0
"FG.3",NA,0,0,NA,0,1,0
"FH.1",NA,0,0,NA,0,1,0
"FJ.1",NA,0,0,NA,0,1,0
"FK.1",NA,0,0,NA,0,1,0
"FK.1.1",NA,0,0,NA,0,1,0
"FK.1.2",NA,0,0,NA,0,1,0
"FL.1",NA,0,0,NA,0,1,0
"FL.1.1",NA,0,0,NA,0,1,0
"FL.1.2",NA,0,0,NA,0,1,0
"FL.1.3",NA,0,0,NA,0,1,0
"FL.10",NA,0,0,NA,0,1,0
"FL.11",NA,0,0,NA,0,1,0
"FL.12",NA,0,0,NA,0,1,0
"FL.2",NA,0,0,NA,0,1,0
"FL.2.1",NA,0,0,NA,0,1,0
"FL.2.2",NA,0,0,NA,0,1,0
"FL.3",NA,0,0,NA,0,1,0
"FL.3.1",NA,0,0,NA,0,1,0
"FL.3.2",NA,0,0,NA,0,1,0
"FL.3.3",NA,0,0,NA,0,1,0
"FL.4",NA,0,0,NA,0,1,0
"FL.5",NA,0,0,NA,0,1,0
"FL.6",NA,0,0,NA,0,1,0
"FL.7",NA,0,0,NA,0,1,0
"FL.8",NA,0,0,NA,0,1,0
"FL.9",NA,0,0,NA,0,1,0
"FM.1",NA,0,0,NA,0,1,0
"FM.2",NA,0,0,NA,0,1,0
"FQ.1",NA,0,0,NA,0,1,0
"FR.1",NA,0,0,NA,0,1,0
"FR.2",NA,0,0,NA,0,1,0
"FS.1",NA,0,0,NA,0,1,0
"FT.1",NA,0,0,NA,0,1,0
"FU.1",NA,0,0,NA,0,1,0
"FU.2",NA,0,0,NA,0,1,0
"FV.1",NA,0,0,NA,0,1,0
"FW.1",NA,0,0,NA,0,1,0
"FW.2",NA,0,0,NA,0,1,0
"FY.1",NA,0,0,NA,0,1,0
"FY.2",NA,0,0,NA,0,1,0
"FY.3",NA,0,0,NA,0,1,0
"FY.4",NA,0,0,NA,0,1,0
"FZ.1",NA,0,0,NA,0,1,0
"FZ.1.1",NA,0,0,NA,0,1,0
"FZ.2",NA,0,0,NA,0,1,0
"GA.1",NA,0,0,NA,0,1,0
"GA.2",NA,0,0,NA,0,1,0
"GA.3",NA,0,0,NA,0,1,0
"GB.1",NA,0,0,NA,0,1,0
"GC.1",NA,0,0,NA,0,1,0
"GC.2",NA,0,0,NA,0,1,0
"GD.1",NA,0,0,NA,0,1,0
"GE.1",NA,0,0,NA,0,1,0
"L.3",NA,0,0,NA,0,1,0
"L.4",NA,0,0,NA,0,1,0
"N.1",NA,0,0,NA,0,1,0
"N.10",NA,0,0,NA,0,1,0
"N.4",NA,0,0,NA,0,1,0
"N.5",NA,0,0,NA,0,1,0
"P.1",NA,0,0,NA,0,1,0
"P.1.1",NA,0,0,NA,0,1,0
"P.1.10",NA,0,0,NA,0,1,0
"P.1.11",NA,0,0,NA,0,1,0
"P.1.12",NA,0,0,NA,0,1,0
"P.1.12.1",NA,0,0,NA,0,1,0
"P.1.13",NA,0,0,NA,0,1,0
"P.1.14",NA,0,0,NA,0,1,0
"P.1.15",NA,0,0,NA,0,1,0
"P.1.16",NA,0,0,NA,0,1,0
"P.1.17",NA,0,0,NA,0,1,0
"P.1.17.1",NA,0,0,NA,0,1,0
"P.1.2",NA,0,0,NA,0,1,0
"P.1.4",NA,0,0,NA,0,1,0
"P.1.7",NA,0,0,NA,0,1,0
"P.1.7.1",NA,0,0,NA,0,1,0
"P.1.8",NA,0,0,NA,0,1,0
"P.1.9",NA,0,0,NA,0,1,0
"P.2",NA,0,0,NA,0,1,0
"P.3",NA,0,0,NA,0,1,0
"P.6",NA,0,0,NA,0,1,0
"P.7",NA,0,0,NA,0,1,0
"Q.1",NA,0,0,NA,0,1,0
"Q.3",NA,0,0,NA,0,1,0
"Q.4",NA,0,0,NA,0,1,0
"Q.6",NA,0,0,NA,0,1,0
"Q.8",NA,0,0,NA,0,1,0
"R.1",NA,0,0,NA,0,1,0
"R.2",NA,0,0,NA,0,1,0
"W.1",NA,0,0,NA,0,1,0
"XAA",NA,0,0,NA,0,1,0
"XAC",NA,0,0,NA,0,1,0
"XAE",NA,0,0,NA,0,1,0
"XAF",NA,0,0,NA,0,1,0
"XAG",NA,0,0,NA,0,1,0
"XAH",NA,0,0,NA,0,1,0
"XAJ",NA,0,0,NA,0,1,0
"XAK",NA,0,0,NA,0,1,0
"XAM",NA,0,0,NA,0,1,0
"XAN",NA,0,0,NA,0,1,0
"XAP",NA,0,0,NA,0,1,0
"XAQ",NA,0,0,NA,0,1,0
"XAS",NA,0,0,NA,0,1,0
"XAU",NA,0,0,NA,0,1,0
"XAV",NA,0,0,NA,0,1,0
"XAY",NA,0,0,NA,0,1,0
"XAY.1",NA,0,0,NA,0,1,0
"XAY.1.1.1",NA,0,0,NA,0,1,0
"XAY.2",NA,0,0,NA,0,1,0
"XAY.2.3",NA,0,0,NA,0,1,0
"XAZ",NA,0,0,NA,0,1,0
"XB",NA,0,0,NA,0,1,0
"XBB",NA,0,0,NA,0,1,0
"XBB.1",NA,0,0,NA,0,1,0
"XBB.1.1",NA,0,0,NA,0,1,0
"XBB.1.10",NA,0,0,NA,0,1,0
"XBB.1.11",NA,0,0,NA,0,1,0
"XBB.1.11.1",NA,0,0,NA,0,1,0
"XBB.1.12",NA,0,0,NA,0,1,0
"XBB.1.13",NA,0,0,NA,0,1,0
"XBB.1.14",NA,0,0,NA,0,1,0
"XBB.1.15",NA,0,0,NA,0,1,0
"XBB.1.16",NA,0,0,NA,0,1,0
"XBB.1.16.1",NA,0,0,NA,0,1,0
"XBB.1.16.2",NA,0,0,NA,0,1,0
"XBB.1.16.3",NA,0,0,NA,0,1,0
"XBB.1.16.4",NA,0,0,NA,0,1,0
"XBB.1.16.5",NA,0,0,NA,0,1,0
"XBB.1.16.6",NA,0,0,NA,0,1,0
"XBB.1.17",NA,0,0,NA,0,1,0
"XBB.1.17.1",NA,0,0,NA,0,1,0
"XBB.1.18",NA,0,0,NA,0,1,0
"XBB.1.18.1",NA,0,0,NA,0,1,0
"XBB.1.19",NA,0,0,NA,0,1,0
"XBB.1.19.1",NA,0,0,NA,0,1,0
"XBB.1.20",NA,0,0,NA,0,1,0
"XBB.1.21",NA,0,0,NA,0,1,0
"XBB.1.22",NA,0,0,NA,0,1,0
"XBB.1.22.1",NA,0,0,NA,0,1,0
"XBB.1.22.2",NA,0,0,NA,0,1,0
"XBB.1.24",NA,0,0,NA,0,1,0
"XBB.1.24.1",NA,0,0,NA,0,1,0
"XBB.1.24.2",NA,0,0,NA,0,1,0
"XBB.1.24.3",NA,0,0,NA,0,1,0
"XBB.1.25",NA,0,0,NA,0,1,0
"XBB.1.26",NA,0,0,NA,0,1,0
"XBB.1.27",NA,0,0,NA,0,1,0
"XBB.1.28",NA,0,0,NA,0,1,0
"XBB.1.28.1",NA,0,0,NA,0,1,0
"XBB.1.29",NA,0,0,NA,0,1,0
"XBB.1.3",NA,0,0,NA,0,1,0
"XBB.1.30",NA,0,0,NA,0,1,0
"XBB.1.31",NA,0,0,NA,0,1,0
"XBB.1.32",NA,0,0,NA,0,1,0
"XBB.1.33",NA,0,0,NA,0,1,0
"XBB.1.34",NA,0,0,NA,0,1,0
"XBB.1.35",NA,0,0,NA,0,1,0
"XBB.1.36",NA,0,0,NA,0,1,0
"XBB.1.37",NA,0,0,NA,0,1,0
"XBB.1.37.1",NA,0,0,NA,0,1,0
"XBB.1.38",NA,0,0,NA,0,1,0
"XBB.1.39",NA,0,0,NA,0,1,0
"XBB.1.4",NA,0,0,NA,0,1,0
"XBB.1.4.1",NA,0,0,NA,0,1,0
"XBB.1.40",NA,0,0,NA,0,1,0
"XBB.1.5",NA,0,0,NA,0,1,0
"XBB.1.5.1",NA,0,0,NA,0,1,0
"XBB.1.5.10",NA,0,0,NA,0,1,0
"XBB.1.5.11",NA,0,0,NA,0,1,0
"XBB.1.5.12",NA,0,0,NA,0,1,0
"XBB.1.5.13",NA,0,0,NA,0,1,0
"XBB.1.5.14",NA,0,0,NA,0,1,0
"XBB.1.5.15",NA,0,0,NA,0,1,0
"XBB.1.5.16",NA,0,0,NA,0,1,0
"XBB.1.5.17",NA,0,0,NA,0,1,0
"XBB.1.5.18",NA,0,0,NA,0,1,0
"XBB.1.5.19",NA,0,0,NA,0,1,0
"XBB.1.5.2",NA,0,0,NA,0,1,0
"XBB.1.5.20",NA,0,0,NA,0,1,0
"XBB.1.5.21",NA,0,0,NA,0,1,0
"XBB.1.5.22",NA,0,0,NA,0,1,0
"XBB.1.5.23",NA,0,0,NA,0,1,0
"XBB.1.5.24",NA,0,0,NA,0,1,0
"XBB.1.5.25",NA,0,0,NA,0,1,0
"XBB.1.5.26",NA,0,0,NA,0,1,0
"XBB.1.5.27",NA,0,0,NA,0,1,0
"XBB.1.5.28",NA,0,0,NA,0,1,0
"XBB.1.5.29",NA,0,0,NA,0,1,0
"XBB.1.5.3",NA,0,0,NA,0,1,0
"XBB.1.5.30",NA,0,0,NA,0,1,0
"XBB.1.5.31",NA,0,0,NA,0,1,0
"XBB.1.5.32",NA,0,0,NA,0,1,0
"XBB.1.5.33",NA,0,0,NA,0,1,0
"XBB.1.5.34",NA,0,0,NA,0,1,0
"XBB.1.5.35",NA,0,0,NA,0,1,0
"XBB.1.5.36",NA,0,0,NA,0,1,0
"XBB.1.5.37",NA,0,0,NA,0,1,0
"XBB.1.5.38",NA,0,0,NA,0,1,0
"XBB.1.5.39",NA,0,0,NA,0,1,0
"XBB.1.5.4",NA,0,0,NA,0,1,0
"XBB.1.5.40",NA,0,0,NA,0,1,0
"XBB.1.5.41",NA,0,0,NA,0,1,0
"XBB.1.5.42",NA,0,0,NA,0,1,0
"XBB.1.5.43",NA,0,0,NA,0,1,0
"XBB.1.5.44",NA,0,0,NA,0,1,0
"XBB.1.5.45",NA,0,0,NA,0,1,0
"XBB.1.5.46",NA,0,0,NA,0,1,0
"XBB.1.5.47",NA,0,0,NA,0,1,0
"XBB.1.5.48",NA,0,0,NA,0,1,0
"XBB.1.5.49",NA,0,0,NA,0,1,0
"XBB.1.5.5",NA,0,0,NA,0,1,0
"XBB.1.5.50",NA,0,0,NA,0,1,0
"XBB.1.5.51",NA,0,0,NA,0,1,0
"XBB.1.5.52",NA,0,0,NA,0,1,0
"XBB.1.5.54",NA,0,0,NA,0,1,0
"XBB.1.5.55",NA,0,0,NA,0,1,0
"XBB.1.5.56",NA,0,0,NA,0,1,0
"XBB.1.5.57",NA,0,0,NA,0,1,0
"XBB.1.5.58",NA,0,0,NA,0,1,0
"XBB.1.5.59",NA,0,0,NA,0,1,0
"XBB.1.5.6",NA,0,0,NA,0,1,0
"XBB.1.5.60",NA,0,0,NA,0,1,0
"XBB.1.5.61",NA,0,0,NA,0,1,0
"XBB.1.5.62",NA,0,0,NA,0,1,0
"XBB.1.5.63",NA,0,0,NA,0,1,0
"XBB.1.5.64",NA,0,0,NA,0,1,0
"XBB.1.5.65",NA,0,0,NA,0,1,0
"XBB.1.5.66",NA,0,0,NA,0,1,0
"XBB.1.5.67",NA,0,0,NA,0,1,0
"XBB.1.5.68",NA,0,0,NA,0,1,0
"XBB.1.5.69",NA,0,0,NA,0,1,0
"XBB.1.5.7",NA,0,0,NA,0,1,0
"XBB.1.5.8",NA,0,0,NA,0,1,0
"XBB.1.5.9",NA,0,0,NA,0,1,0
"XBB.1.6",NA,0,0,NA,0,1,0
"XBB.1.7",NA,0,0,NA,0,1,0
"XBB.1.8",NA,0,0,NA,0,1,0
"XBB.1.9",NA,0,0,NA,0,1,0
"XBB.1.9.1",NA,0,0,NA,0,1,0
"XBB.1.9.2",NA,0,0,NA,0,1,0
"XBB.1.9.3",NA,0,0,NA,0,1,0
"XBB.1.9.4",NA,0,0,NA,0,1,0
"XBB.1.9.5",NA,0,0,NA,0,1,0
"XBB.2",NA,0,0,NA,0,1,0
"XBB.2.1",NA,0,0,NA,0,1,0
"XBB.2.2",NA,0,0,NA,0,1,0
"XBB.2.3",NA,0,0,NA,0,1,0
"XBB.2.3.1",NA,0,0,NA,0,1,0
"XBB.2.3.10",NA,0,0,NA,0,1,0
"XBB.2.3.11",NA,0,0,NA,0,1,0
"XBB.2.3.2",NA,0,0,NA,0,1,0
"XBB.2.3.3",NA,0,0,NA,0,1,0
"XBB.2.3.4",NA,0,0,NA,0,1,0
"XBB.2.3.5",NA,0,0,NA,0,1,0
"XBB.2.3.6",NA,0,0,NA,0,1,0
"XBB.2.3.7",NA,0,0,NA,0,1,0
"XBB.2.3.8",NA,0,0,NA,0,1,0
"XBB.2.3.9",NA,0,0,NA,0,1,0
"XBB.2.4",NA,0,0,NA,0,1,0
"XBB.2.5",NA,0,0,NA,0,1,0
"XBB.2.6",NA,0,0,NA,0,1,0
"XBB.2.7",NA,0,0,NA,0,1,0
"XBB.2.7.1",NA,0,0,NA,0,1,0
"XBB.2.8",NA,0,0,NA,0,1,0
"XBB.2.9",NA,0,0,NA,0,1,0
"XBB.3",NA,0,0,NA,0,1,0
"XBB.3.1",NA,0,0,NA,0,1,0
"XBB.3.2",NA,0,0,NA,0,1,0
"XBB.3.3",NA,0,0,NA,0,1,0
"XBB.3.4",NA,0,0,NA,0,1,0
"XBB.4",NA,0,0,NA,0,1,0
"XBB.4.1",NA,0,0,NA,0,1,0
"XBB.5",NA,0,0,NA,0,1,0
"XBB.6",NA,0,0,NA,0,1,0
"XBB.6.1",NA,0,0,NA,0,1,0
"XBB.7",NA,0,0,NA,0,1,0
"XBB.8",NA,0,0,NA,0,1,0
"XBB.8.1",NA,0,0,NA,0,1,0
"XBB.9",NA,0,0,NA,0,1,0
"XBC.1",NA,0,0,NA,0,1,0
"XBC.1.1",NA,0,0,NA,0,1,0
"XBC.1.2.1",NA,0,0,NA,0,1,0
"XBC.1.3",NA,0,0,NA,0,1,0
"XBC.1.4",NA,0,0,NA,0,1,0
"XBC.1.5",NA,0,0,NA,0,1,0
"XBC.1.6",NA,0,0,NA,0,1,0
"XBC.1.6.1",NA,0,0,NA,0,1,0
"XBC.1.6.3",NA,0,0,NA,0,1,0
"XBC.2",NA,0,0,NA,0,1,0
"XBD",NA,0,0,NA,0,1,0
"XBE",NA,0,0,NA,0,1,0
"XBF",NA,0,0,NA,0,1,0
"XBF.1",NA,0,0,NA,0,1,0
"XBF.2",NA,0,0,NA,0,1,0
"XBF.3",NA,0,0,NA,0,1,0
"XBF.4",NA,0,0,NA,0,1,0
"XBF.5",NA,0,0,NA,0,1,0
"XBF.6",NA,0,0,NA,0,1,0
"XBF.7",NA,0,0,NA,0,1,0
"XBF.7.1",NA,0,0,NA,0,1,0
"XBF.9",NA,0,0,NA,0,1,0
"XBG",NA,0,0,NA,0,1,0
"XBH",NA,0,0,NA,0,1,0
"XBJ",NA,0,0,NA,0,1,0
"XBJ.1",NA,0,0,NA,0,1,0
"XBJ.2",NA,0,0,NA,0,1,0
"XBK",NA,0,0,NA,0,1,0
"XBK.1",NA,0,0,NA,0,1,0
"XBL",NA,0,0,NA,0,1,0
"XBL.1",NA,0,0,NA,0,1,0
"XBL.2",NA,0,0,NA,0,1,0
"XBL.3",NA,0,0,NA,0,1,0
"XBM",NA,0,0,NA,0,1,0
"XBN",NA,0,0,NA,0,1,0
"XBP",NA,0,0,NA,0,1,0
"XBR",NA,0,0,NA,0,1,0
"XBU",NA,0,0,NA,0,1,0
"XBV",NA,0,0,NA,0,1,0
"XBW",NA,0,0,NA,0,1,0
"XBZ",NA,0,0,NA,0,1,0
"XCA",NA,0,0,NA,0,1,0
"XCB",NA,0,0,NA,0,1,0
"XCC",NA,0,0,NA,0,1,0
"XE",NA,0,0,NA,0,1,0
"XG",NA,0,0,NA,0,1,0
"XJ",NA,0,0,NA,0,1,0
"XL",NA,0,0,NA,0,1,0
"XM",NA,0,0,NA,0,1,0
"XN",NA,0,0,NA,0,1,0
"XQ",NA,0,0,NA,0,1,0
"XS",NA,0,0,NA,0,1,0
"XU",NA,0,0,NA,0,1,0
"XW",NA,0,0,NA,0,1,0
"XY",NA,0,0,NA,0,1,0
"XZ",NA,0,0,NA,0,1,0
